,bless_msg,label
0,恭喜严总喜提爱车一辆。。。,5
1,啊宏伟帅咩哈哈哈哈狗日的青春,11
2,兄弟，生日快乐，社会我大哥，人狠话不多，十年后还要在一起嗨！,0
3,哇哦！比原唱还好听，再来一首，再来一首！,11
4,摔倒了别哭重新站起来加油,11
5,526911589,11
6,祝菲哥金榜题名考上河南理工，学业一帆风顺，未来前程似锦！,1
7,小东:不管未来多遥远，成长路上有你们；不管相逢在何时，我们永远是朋友。友谊地久天长！,1
8,祝你生日快乐,0
9,欢迎姑父的到来，在会下一次的光临,6
10,祝彩虹每天都开心,11
11,祝我李姐姐夫永远幸福开心,6
12,遇见你是我的福分，爱上你是我的福气，希望你能看明白我的心意，我爱你。,3
13,老粑粑加油哇，,11
14,生日快乐哈,0
15,喝起来！青岛不倒我不倒，雪花不飘我不飘，问我酒量怎么样，请看大海的方向。,11
16,祝大华杨总：生日快乐！身体健康！生意兴隆！合心合意。l,0
17,唱的好，赏酒！,11
18,526914177,11
19,喝起来！最简单的表达方式就是喝，喝多了还能继续喝，不醉不归！,11
20,喝起来！嗨喽，大咖好，我系渣渣灰，系兄弟就来喝死我，我在则里等你。,11
21,祝永远,11
22,小元，祝大家岁岁有今日年年有今朝开心快乐每一天！,11
23,天哪，你唱歌好好听，我是你的小粉丝！么么哒爱你！,11
24,郭晴宝贝生日快乐,0
25,愿冀雪燕越来越好渣男都远离她哟,7
26,哇哦！比原唱还好听，再来一首，再来一首！,11
27,钟心鹏生日快乐,0
28,死也等你,3
29,辉哥，尽情Happy,4
30,恭喜老姐张梅，喜提座驾！向钱冲！一路平安！,10
31,刚哥哥凡哥哥的性福日哦，日哦！,11
32,若有此生，永不分离，陌生，悲伤，只因曾经,3
33,若有此生，永不分离，陌生，悲伤，只因曾经,3
34,祝我亲爱的妹妹生日快乐.,0
35,不忘初心.一直幸福快乐，把每一天都当做永恒,11
36,人潮人海，感恩一路有你们。好朋友，一辈子！今晚嗨皮到天亮，没毛病！,4
37,祝：容姐生日快乐,0
38,南平好兄弟，谢谢你们款待，很高兴认识你们真好，浩子在这里祝福你生意兴隆，财源广进。,2
39,兄弟，生日快乐，社会我大哥，人狠话不多，十年后还要在一起嗨！,0
40,生日快乐,0
41,。,11
42,喝起来！最简单的表达方式就是喝，喝多了还能继续喝，不醉不归！,11
43,你给我盖他,11
44,喝起来！最简单的表达方式就是喝，喝多了还能继续喝，不醉不归！,11
45,每天的你都和今天一样漂亮,11
46,兄弟，生日快乐，社会我大哥，人狠话不多，十年后还要在一起嗨！,0
47,祝小陶与对象99,9
48,兄弟，别哭，生日快乐！！！,0
49,祝我们一家人健健康康平平安安,6
50,祝周主任生日快乐,0
51,祝愿我们的友谊天长地久,4
52,兄弟，生日快乐，社会我大哥，人狠话不多，十年后还要在一起嗨！,0
53,【8888包厢】：北姑娘生日快乐,0
54,韩总生日快乐，祝你早日帅过吴彦祖，富过王思聪，不要忘了兄弟。,0
55,吴洪永爱罗梅一生一世,3
56,老铁生日快乐，祝你早日帅过吴彦祖，富过王思聪，不要忘了兄弟。,0
57,祝好姐妹生日快乐，天天十八，月月好运，年年发财。,0
58,你给我盖他,11
59,希望我们以后每天都开心，记得我在乎你，希望你过得越来越好，爱你么么哒！,3
60,祝：容姐生日快乐！大家身体健康！,0
61,喝起来！最简单的表达方式就是喝，喝多了还能继续喝，不醉不归！,11
62,祝罗总家庭事业双丰收，祝沈姐张姐青春永驻，祝叶兄弟每晚都行,5
63,蓉婷小可爱生日快乐鸭！！！,0
64,喝起来！嗨喽，大咖好，我系渣渣灰，系兄弟就来喝死我，我在则里等你。,11
65,祝：容姐生日快乐！大家身体健康！,0
66,祝兄弟生日快乐，愿兄弟早日住豪宅，开跑车，迎娶白富美！,0
67,深情小王子,11
68,祝颜梦雨生日快乐！,0
69,【517包厢】：祝琳妹妹青春永驻！生日快乐！,0
70,好,11
71,你永远都是我的公主18岁快乐,0
72,祝陆红萍生日快乐,0
73,祝:许善娟生日快乐，青春永驻，年年十八,0
74,林玲我喜欢你,3
75,祝老板，身体健康，生意兴隆，财源滚滚而来。事业事事顺，打牌场场蠃！,2
76,无聊啊,7
77,妈妈生日快乐，越活越年轻,0
78,希望我们以后每天都开心，记得我在乎你，希望你过得越来越好，爱你么么哒！,3
79,唱的也太好听了吧，棒棒哒！打call打call！,11
80,哈哈哈,11
81,祝福我大哥星星生日快乐，永远年轻,0
82,辉哥，爱你么么哒,3
83,不管今天过后我们是否还能在一起，祝我们快乐,3
84,祝我明早上打针打快点,11
85,兄弟，生日快乐，社会我大哥，人狠话不多，十年后还要在一起嗨！,0
86,胖胖哥：遇见你是我的福分，爱上你是我的福气，祝你生日快乐，财源滚滚，爱你。,0
87,祝娜娜姐生日快乐，永远十八一枝花，开心每一天。,0
88,买金刚砂的张总/鹏程金刚砂,2
89,遇见你是我的福分，爱上你是我的福气，希望你能看明白我的心意，我爱你。,3
90,周周就是全场最骚的老女人,8
91,兄弟，生日快乐，社会我大哥，人狠话不多，十年后还要在一起嗨！,0
92,祝好姐妹生日快乐，天天十八，月月好运，年年发财。,0
93,娃子生日快乐,0
94,老铁生日快乐，祝你早日帅过吴彦祖，富过王思聪，不要忘了兄弟。,0
95,生日快乐，，，奥雷给,0
96,祝小姐妹生日快乐，永远年轻漂亮，幸福满满。,0
97,祝各位同事家人、兄弟姐妹们，万事如意，蒸蒸日上，一家人一条心一起拼一定赢！,6
98,黄小胖生日快乐！么么哒,0
99,祝孟哥玩好、嗨好…,11
100,弯卵，硬起来,11
101,喝起来！嗨喽，大咖好，我系渣渣灰，系兄弟就来喝死我，我在则里等你。,11
102,喝起来！最简单的表达方式就是喝，喝多了还能继续喝，不醉不归！,11
103,欢迎老连长莅临南安,2
104,生日快乐祝王大炮越来越胖,0
105,祝涛哥分手快乐早日找到真爱,7
106,感谢罗总盛情款待，喝起来！嗨喽，大咖好，我系渣渣灰，系兄弟就来喝死我，我在则里等你。,2
107,丘大爷生日快乐，为寿星丘大爷献上第一句生日祝福：生日快乐！祝你青春永不变！,0
108,祝福爸爸妈妈恩恩爱爱白头到老，健健康康开开心心并且一路发发发！！！爱你们哟,6
109,希望我们以后每天都开心，记得我在乎你，希望你过得越来越好，爱你么么哒！,3
110,祝妹子生日快乐，永远十八一枝花，开心每一天。,0
111,大哥生日快乐,0
112,祝国宝生日快乐,0
113,B05挑战所有包厢，只要你敢来。无论男女，我们接了！,11
114,表妹生日快乐，美美最美,0
115,祝郑兄生日快乐,0
116,祝好朋友姚志杰生日快乐,0
117,祝兄弟生日快乐，愿兄弟早日住豪宅，开跑车，迎娶白富美！,0
118,梅子女士生日快乐年年十八,0
119,祝我们哥们感情天长地久！！TG,4
120,生日快乐,0
121,惨淡经营历千辛，一举成名天下闻，虎啸龙吟展宏图，盘马弯弓创新功,2
122,【V09包厢】：好好听，身材健康，工作顺心,5
123,祝愿王晶小朋友天天18岁，年年都开心,0
124,B05挑战所有包厢，只要你敢来。无论男女，我们接了！,11
125,晓雯叫爸爸,11
126,老铁生日快乐，祝你早日帅过吴彦祖，富过王思聪，不要忘了兄弟。,0
127,兄弟，生日快乐，社会我大哥，人狠话不多，十年后还要在一起嗨！,0
128,乖崽，永远爱你，这一辈子爱你，不欺骗你，疼你，懂你！,3
129,周周就是全场最骚的老处女,8
130,祝小姐妹生日快乐，永远年轻漂亮，幸福满满。,0
131,珍珍老师大夜顺利,11
132,男27岁。微信17789822903。想找个女朋友。看上的联系一下,7
133,祝:李老板生意兴隆，财源滚滚，身体健康，万事如意，心想事成。,2
134,早生贵子,9
135,欢迎两个嫂子来沈阳光临,6
136,喝起来！最简单的表达方式就是喝，喝多了还能继续喝，不醉不归！,11
137,请你相信我，是真的爱你，请接受我送给你的开心快乐。,3
138,散伙拜拜,1
139,【605包厢】：唱的也太好听了吧，棒棒哒！打call打call！,11
140,请你相信我，是真的爱你，请接受我送给你的开心快乐。,3
141,喝起来！最简单的表达方式就是喝，喝多了还能继续喝，不醉不归！,11
142,祝笑笑云奇新婚快乐,9
143,祝小姐姐生日快乐，永远年轻漂亮，幸福满满。,0
144,姐夫生日快乐,0
145,祝亮点生日快乐开心健康永远美丽,0
146,祝陆总生日快乐！身体健康！爆富爆美,0
147,住吕凤华生日快乐,0
148,【517包厢】：祝王乔琳大姐大永葆青春寿比南山福如东海年年有今日岁岁有今朝,10
149,祝姐妹生日快乐，天天十八，月月好运，年年发财。,0
150,兄弟，生日快乐，社会我大哥，人狠话不多，十年后还要在一起嗨！祝唐标生日快乐！！！！！,0
151,马sir生日快乐,0
152,！我们的陈渣生日快乐,0
153,【A222包厢】：老铁生日快乐，祝你早日帅过吴彦祖，富过王思聪，不要忘了兄弟。,0
154,祝我浩弟生日快乐,0
155,喝起来！最简单的表达方式就是喝，喝多了还能继续喝，不醉不归！,11
156,祝谢艳芳生日快乐！身体健康！同时也祝今晚兄弟姐妹们平平安安！热烈欢迎欢迎大刘总光临平湖！,0
157,黄先生，生日快乐！爱你么么哒！,0
158,喝起来！青岛不倒我不倒，雪花不飘我不飘，问我酒量怎么样，请看大海的方向。,11
159,祝妹子生日快乐，永远十八一枝花，开心每一天。,0
160,【312包厢】：涛峰哥，么么哒……做60个俯卧撑吧，好强壮哦，伦家好喜欢的嘛……涛峰欧巴,11
161,祝香香女神生日快乐,0
162,师生相聚在一起,1
163,黄先生，余生有你才算完整！！娟,3
164,祝兄弟生日快乐，愿兄弟早日住豪宅，开跑车，小妮不断,0
165,祝：海南昌昊公司，各位同仁齐心协力共创辉煌！,2
166,祝温平升学快乐,10
167,啊悦哥威武霸气侧漏，大姨妈长流不息,11
168,祝：我亲爱的老婆生日快乐,0
169,祝我们亲爱的林广全梁耀光黎权英三位同学生日快乐！心想事成！,0
170,王金梦你最棒,11
171,生日快乐哥们,0
172,希望我们以后每天都开心，记得我在乎你，希望你过得越来越好，爱你么么哒！,3
173,剑鑫生日快乐，祝你早日帅过吴彦祖，富过王思聪，不要忘了兄弟。,0
174,祝兄弟新婚快乐！早生贵子！,9
175,祝兄弟新婚快乐！早生贵子！,9
176,祝兄弟新婚快乐！早生贵子！,9
177,祝兄弟新婚快乐！早生贵子！,9
178,兄弟，生日快乐，社会我大哥，人狠话不多，十年后还要在一起嗨！,0
179,！,11
180,弟妹生日快乐,0
181,祝：男神们越来越帅，品质团队越做越好,5
182,祝福，肖湘亮，老弟生日快乐，全家身体健康，,0
183,祝亲爱的生日快乐，永远十八一枝花，开心每一天。,0
184,王秋雨生日快乐,0
185,金牌小王子,11
186,朱朱老师生日快乐,0
187,3RsN1Lxatsn,11
188,祝月亮生日快乐，年年有今日岁岁有今朝,0
189,祝亮点生日快乐开心健康永远美丽,0
190,感谢您们真诚的祝福，谢谢您们！,10
191,祝老板娘生日快乐，生意思兴隆，越活越漂亮,0
192,马sir生日快乐,0
193,兄弟，生日快乐，社会我大哥，人狠话不多，十年后还要在一起嗨！,0
194,喝起来！嗨喽，大咖好，我系渣渣灰，系兄弟就来喝死我，我在则里等你。,11
195,3RsN1Lxatsn,11
196,好像也不太行啊,11
197,祝小姐妹生日快乐，永远年轻漂亮，幸福满满。,0
198,亲爱的李国英美女，迟来的祝祝你生日快乐,0
199,你猜我是谁哈哈哈,11
200,祝林妹妹永远18,0
201,欢迎峰哥来到芦台，还有五湖四海的朋友，真诚祝福你们越来越好。王小妹敬上！,4
202,人潮人海，感恩一路有你们。好朋友，一辈子！今晚嗨皮到天亮，没毛病！,4
203,我们的生命里，无疑会有很多个夏天，但没有哪一个，会如今夏。,11
204,孟哥玩好、玩的高兴、嗨好、兄弟曹梁和全体兄弟,4
205,王敏透了好几瓶了我不会说你开心点我想和你过一辈子,3
206,祝马姐生意兴隆，万事如意，所有人太开心，所有人太快乐大本营，,2
207,百年成诺携手奥雷公司祝大家广州之行嗨到底,2
208,【1007包厢】：祝我们事业长虹，业绩翻番，荷包满满，未来都过上自己想要的日子！,5
209,兄弟们让我们嗨起来,4
210,热烈欢迎浙江邵总，广西曹总，同窗黄总，曾总以及各位好友莅临英禄科技指导视察工作,2
211,祝我们事业长虹，业绩翻番，荷包满满，未来都过上自己想要的日子！,5
212,老铁生日快乐，祝你早日帅过吴彦祖，富过王思聪，不要忘了兄弟。,0
213,美女生日快乐越来越漂亮,0
214,军中绿花,11
215,请你相信我，是真的爱你，请接受我送给你的开心快乐。,3
216,毕业快乐，时光不老我们不散，祝你们未来安好！,1
217,柚子姐，生日快乐，年年18貌美如花,0
218,遇见你是我的福分，爱上你是我的福气，希望你能看明白我的心意，我爱你。,3
219,喝起来！青岛不倒我不倒，雪花不飘我不飘，问我酒量怎么样，请看大海的方向。,11
220,祝老板，身体健康，生意兴隆，财源滚滚而来。,2
221,感觉,11
222,喝起来！最简单的表达方式就是喝，喝多了还能继续喝，不醉不归！,11
223,祝杨叔叔:生日快乐，生意兴隆，今年赚他一个亿！！,0
224,【621包厢】：遇见你是我的福分，爱上你是我的福气，希望你能看明白我的心意，我爱你。,3
225,哇哦！比原唱还好听，再来一首，再来一首！,11
226,天哪，你唱歌好好听，我是你的小粉丝！么么哒爱你！,11
227,生日快乐小朋友,0
228,兄弟，生日快乐，社会我大哥，人狠话不多，十年后还要在一起嗨！,0
229,唱的也太好听了吧，棒棒哒！打call打call！,11
230,【V08包厢】：遇见你是我的福分，爱上你是我的福气，希望你能看明白我的心意，我爱你。,3
231,祝老公生日快乐,0
232,祝福我的宝贝姑娘还有两个宝贝在新的一年学习蒸蒸日上，住所有哥们嫂子生意兴隆,6
233,605，祝我婆娘，小惠生日快乐,0
234,祝超生日快乐温柔且坚韧知足且上进,0
235,老贾。,11
236,祝好姐妹生日快乐，天天十八，月月好运，年年发财。,0
237,杜少生日快乐！喝起来！青岛不倒我不倒，雪花不飘我不飘，问我酒量怎么样，请看大海的方向。,0
238,英姐生日快乐鸭,0
239,祝好姐妹生日快乐，天天十八，月月好运，年年发财。,0
240,小元祝好哥们开心快乐每一天,11
241,请你相信我，是真的爱你，请接受我送给你的开心快乐。,3
242,哥，生日快乐，时光不老我们不散,0
243,小小菇凉，年年18岁啦,0
244,祝许善娟生快乐，青春永驻年年十八,0
245,祝好姐妹生日快乐，天天十八，月月好运，年年发财。,0
246,祝刘总生日快乐……发财脱单开开心心,0
247,方老二我们要爱就一辈子,3
248,宝宝，21生日快乐,0
249,可乐帅哥哥生日快乐,0
250,让我们一起把热烈的掌声送给这位哥！,11
251,祝邱总书记生日快乐，经常请客！,0
252,祝我最爱的宝宝生日快乐，给你的很少，但我足够爱你((c)！,0
253,王敏透了好几瓶了我不会说你开心点我想和你过一辈子,3
254,祝我最爱的宝宝生日快乐，给你的很少，但我足够爱你((c)！,0
255,【V08包厢】祝各位哥哥姐姐们每天开开心心：,11
256,哎呦妈呀，老公你唱的太好了,6
257,祝妹妹生日快乐永远长不大,0
258,哈喽大哥大姐们,8
259,唱的好！赏酒两杯！,11
260,唱的也太好听了吧，棒棒哒！打call打call！,11
261,老铁生日快乐，祝你早日帅过吴彦祖，富过王思聪，不要忘了兄弟。,0
262,【V08包厢】：时光不老，我们不散！感谢在最好的年华遇见你们，多年后还是如今的我们。友谊长存！,4
263,兄弟们让我们嗨起来,4
264,刘老板生日快乐，祝你早日帅过吴彦祖，富过王思聪！,2
265,唱的好好好,11
266,宝扬米业，鸿扬米业，生意兴隆！辉哥，你是最棒的,2
267,闻闻生日快乐爱你,0
268,希望我们以后每天都开心，记得我在乎你，希望你过得越来越好，爱你么么哒！,3
269,【K69VSHOW包厢】：醉骚联盟最牛逼！！！,11
270,鹏鹏，单单牛逼,11
271,【V08包厢】：时光不老，我们不散！感谢在最好的年华遇见你们，多年后还是如今的我们。友谊长存！,4
272,强子哥最帅最牛批,11
273,我叫徐金毅，今晚我包场,11
274,贾凤仙。曾燕。唱的好,11
275,唱的真好听,11
276,时光不老，我们不散！感谢在最好的年华遇见你们，多年后还是如今的我们。友谊长存！,4
277,你给我盖他,11
278,百年成诺携手奥雷公司祝大家广州之行嗨到底,2
279,祝老公生日快乐，我爱你呀,0
280,今晚是你的生日，点燃生日的烛光，点燃幸福的希望，我代表公司全体人员祝老李生日快乐,0
281,兄弟们性生活愉快！均哥、波哥骚得很哦！,4
282,刘老板生日快乐，祝你早日帅过吴彦祖，富过王思聪！,0
283,【V09包厢】：朋友们，喝起来！最简单的表达方式就是喝，喝多了还能继续喝，不醉不归！,11
284,恭喜叶姐儿子读上一中,10
285,胡总胡总我爱你，就像老鼠爱大米~~,3
286,祝许善娟生日快乐，青春永驻年年十八,0
287,祝福远道而来的第二故乡的两位大哥来看小弟！兄弟倍感亲切！祝两位大哥身体健康！阖家欢乐！,8
288,严如玉大笨蛋,11
289,NB！！！牛逼！！！灵魂歌手！准备出道！！！,11
290,亲儿子,11
291,祝兄弟生日快乐，愿兄弟早日住豪宅，开跑车，迎娶白富美！,0
292,曼丽嫂子生日快乐，祝你永远十八岁。,0
293,祝张姐生日快乐，年年有今日，岁岁有今朝,0
294,老板生日快乐,0
295,希望我们以后每天都开心，记得我在乎你，希望你过得越来越好，爱你么么哒！,3
296,祝太湖杨总郭总万总刘总渡过一个愉快的夜晚！,2
297,鑫哥哥生日快乐,0
298,，生日快乐！,0
299,祝唐有才生日快乐,0
300,喝起来！青岛不倒我不倒，雪花不飘我不飘，问我酒量怎么样，请看大海的方向。,11
301,喝起来！最简单的表达方式就是喝，喝多了还能继续喝，不醉不归！,11
302,阿鹏小鸡鸡,11
303,喝起来！青岛不倒我不倒，雪花不飘我不飘，问我酒量怎么样，请看大海的方向。,11
304,喝起来！最简单的表达方式就是喝，喝多了还能继续喝，不醉不归！,11
305,唱的也太好听了吧，棒棒哒！打call打call！,11
306,傻所，狗熊,11
307,9块9包邮送到家,11
308,愿你开开心心没烦恼,11
309,请你相信我，是真的爱你，请接受我送给你的开心快乐。,3
310,希望我们以后每天都开心，记得我在乎你，希望你过得越来越好，爱你么么哒！,3
311,祝文红下面越来越大,11
312,祝魏总魏大哥还有项城的朋友，健康快乐哈哈哈哈常来益木堂聚一聚,2
313,祝魏总魏大哥还有项城的朋友，健康快乐哈哈哈哈常来益木堂聚一聚,2
314,祝邮政张总幸福,2
315,大海弟弟一定要幸福哟,9
316,天哪，你唱歌好好听，我是你的小粉丝！么么哒爱你！,11
317,祝赵总心情愉快！！,5
318,天哪，你唱歌好好听，我是你的小粉丝！么么哒爱你！,11
319,老铁生日快乐，祝你早日帅过吴彦祖，富过王思聪，不要忘了兄弟。,0
320,老铁生日快乐，祝你早日帅过吴彦祖，富过王思聪，不要忘了兄弟。,0
321,兄弟，生日快乐，社会我大哥，人狠话不多，十年后还要在一起嗨！,0
322,祝小耗崽子生日快乐,0
323,【333包厢】：祝杨总鸡巴越来越大，越来越粗，越来越长,5
324,喝起来！青岛不倒我不倒，雪花不飘我不飘，问我酒量怎么样，请看大海的方向。,11
325,喝起来！最简单的表达方式就是喝，喝多了还能继续喝，不醉不归！,11
326,请你相信我，是真的爱你，请接受我送给你的开心快乐。,3
327,祝愿大闺女你平安无疾前程似锦被这个世界温柔以待，生日快乐,0
328,祝郑总喜得千金，祝可儿快乐成长,10
329,祝兄弟生日快乐，愿兄弟早日住豪宅，开跑车，迎娶白富美！,0
330,方哥生日快乐,0
331,钱多多，生日快乐，永远18岁,0
332,一哥和嫂子，新婚快乐，幸福美满，和和美美,9
333,小学童年的时光一去不复返，以后得日子同学友谊天长地久,1
334,请你相信我，是真的爱你，请接受我送给你的开心快乐。,3
335,大姐威武霸气，太好听了,11
336,giaogiaogiao,11
337,【666包厢】：祝白云山精油大卖，祝我们的团队蒸蒸日上,2
338,白胖子，喝不醉,11
339,小蕾蕾，勇哥哥永远爱你！,3
340,【502包厢】：唱的也太好听了吧，棒棒哒！打call打call！,11
341,祝彭老师生日快乐！,0
342,刚刚生日快乐,0
343,【V01包厢】：祝欢姐生日快乐,0
344,祝小耗崽子生日快乐,0
345,祝小葛生龙活虎越活越年轻,11
346,祝好姐妹生日快乐，天天十八，月月好运，年年发财。,0
347,【包厢】：表叔祝你快乐不止生日,0
348,王家平安！曾家评安！陈家平安！祝大家暑假快乐！全家平安！,6
349,祝兄弟胡小刚生日快乐,0
350,爱你哟，RXD!,3
351,老婆生日快乐,0
352,111,11
353,祝丫丫姐生日快乐，永远年轻,0
354,喝起来！最简单的表达方式就是喝，喝多了还能继续喝，不醉不归！,11
355,王君鹏生日快乐哈,0
356,祝小姐妹生日快乐，永远年轻漂亮，幸福满满。,0
357,祝我的老弟，佳弟，凯弟，你们永远幸福，永远快乐，大哥祝福你们，希望你们永远快快乐乐,6
358,喝起来！最简单的表达方式就是喝，喝多了还能继续喝，不醉不归！,11
359,今天不把秃子搞醉不归家,11
360,老铁生日快乐，祝你早日帅过吴彦祖，富过王思聪，不要忘了兄弟。,0
361,杨玉梅小仙女生日快乐，永远20岁，爱你哈,0
362,希望我们以后每天都开心，记得我在乎你，希望你过得越来越好，爱你么么哒！,3
363,唱的也太好听了吧，棒棒哒！打call打call！,0
364,啊鑫生日快乐,0
365,小俊，祝你生日快乐，永远健康,0
366,祝温平李志强百年好合,9
367,还在KTV吗各位,11
368,【包厢】：表叔祝你快乐不止生日,0
369,天哪，你唱歌好好听，我是你的小粉丝！么么哒爱你！,11
370,【210包厢】：祝瞳哥生日快乐，性福高潮,0
371,狗哥的感情就是天……友谊万岁,4
372,兄弟齐心，齐力断金！,4
373,遇见你是我的福分，爱上你是我的福气，希望你能看明白我的心意，辉哥，我爱你。,3
374,老铁生日快乐，祝你早日帅过吴彦祖，富过王思聪，不要忘了兄弟。,0
375,祝阿陂生日快乐！,0
376,唱的好！赏酒两杯！,11
377,我爱你，刚哥哥，愿你我永远都好，平安，健康，开心，快乐！,3
378,祝汪总生日快乐，永远十八一枝花，开心每一天。,0
379,如果我爱你把这份感情当做赌注，那么你在我身上堵，我这辈子都不会让你输。,3
380,祝魏爷生日快乐,0
381,出狱后的改变,11
382,希望我们以后每天都开心，记得我在乎你，希望你过得越来越好，爱你么么哒！,3
383,祝丫丫生日快乐，天天十八，月月好运，年年发财。,0
384,祝小两口，新婚燕尔，喜成连理，举岸齐眉，龙腾凤翔，天赐良缘，百年好合，生一对龙凤胎哈,9
385,祝好姐妹生日快乐，天天十八，月月好运，年年发财。,0
386,祝美女瑶瑶生日快乐,0
387,哇哦！比原唱还好听，再来一首，再来一首！,11
388,【111包厢】：祝梁总监，生日快乐。英俊潇洒，花见花开，车见车爆胎。,0
389,祝兄弟生日快乐，愿兄弟早日住豪宅，开跑车，迎娶白富美！,0
390,我最亲爱的龙哥，提前祝龙哥生日快乐！,0
391,【611包厢】：依依，希望我们以后每天都开心，记得我在乎你，希望你过得越来越好，爱你么么哒！,3
392,老大生日快乐，三哥，四哥玩开心，陈总，步步高升！,0
393,祝兄弟生日快乐，愿兄弟早日住豪宅，开跑车，迎娶白富美！,0
394,【包厢】：喝起来！最简单的表达方式就是喝，喝多了还能继续喝，不醉不归！,11
395,难听,11
396,祝萱萱生日快乐，学习进步，健康快乐,0
397,祝妹纸生日快乐，天天十八，月月好运，年年发财。,0
398,祝刘超今年不再过节，老大不小了，赶紧创造小超超,7
399,希望我们的友谊天长地久，一个比早死,4
400,喝起来！青岛不倒我不倒，雪花不飘我不飘，问我酒量怎么样，请看大海的方向。,11
401,祝梅子生日快乐，永远十八一枝花，开心每一天。,0
402,芯宝是唯一,3
403,斌哥，浩哥，凯哥，雨哥，陈哥，洋弟，兄弟一辈子,4
404,海卿，生日快乐,0
405,【218包厢】：祝梁小金覃炳行早生贵子，天天快乐,9
406,祝妹子生日快乐，永远十八一枝花，开心每一天。,0
407,唱的也太好听了吧，棒棒哒！打call打call！,11
408,祝，派对星球与朱董事长和杨总生意兴隆,2
409,祝老姐，李薇，李宇永远十八岁，天天开兴快乐，越来越美丽，漂亮！！！！,0
410,【316包厢】：祝贺牛哥终于毕业了,1
411,孙玲玉我爱你我爱你我爱你我爱你我爱你我爱你，强子大哥张五刀,3
412,唱的漂亮,11
413,祝小姐妹生日快乐，永远年轻漂亮，幸福满满。,0
414,宋建熊，生日快乐,0
415,婉婷生日快乐希望你快乐真的快乐,0
416,祝在做的各位，天天做新郎。夜夜换新娘,11
417,加油！呢子,11
418,天哪，你唱歌好好听，我是你的小粉丝！么么哒爱你！,11
419,遇见你是我的福分，爱上你是我的福气，希望你能看明白我的心意，我爱你。,3
420,祝蔡敬和生日快乐！,0
421,婆娘，生日快乐永远十八岁,0
422,聂琴我永远的爱你的,3
423,虎哥，虎嫂，永结同心,9
424,真他么睡啊……,11
425,一路安好,11
426,祝各位长命百岁，福如东海长流水，寿比南山不老松！,8
427,牛逼牛逼,11
428,祝我们雨舟蛋品有限公司艳姐生意兴隆，财源广进，大卖,2
429,王君鹏生日快乐哈,0
430,刘女士生日快乐年年有今日岁岁有今朝,0
431,老婆生日快乐快乐生日快乐生日快乐,0
432,老吴今晚打炮,11
433,婆娘，生日快乐永远十八岁,0
434,王总是我的哥哥永远的哥哥,5
435,喝起来！最简单的表达方式就是喝，喝多了还能继续喝，不醉不归！,11
436,【包厢】：表叔祝你快乐不止生日,0
437,平，遇见你是我的福分，爱上你是我的福气，希望你能看明白我的心意，我爱你。,3
438,阿鹏小鸡鸡,11
439,喝起来！最简单的表达方式就是喝，喝多了还能继续喝，不醉不归！,11
440,生日快乐,0
441,嘿嘿嘿嘿,11
442,遇见你是我的福分，爱上你是我的福气，希望你能看明白我的心意，我爱你。,3
443,仙女周，生日快乐！,0
444,茹姐，爱你,3
445,何先生，生日快乐,0
446,卧槽，无情，好残忍……,11
447,？！,11
448,兄弟生日快乐,0
449,啊偷兄弟，满月快乐！,10
450,喝起来！嗨喽，大咖好，我系渣渣灰，系兄弟就来喝死我，我在则里等你。,11
451,么么哒,11
452,老婆生日快乐！老公祝你天天开心！永远漂亮！,0
453,刘女士生日快乐年年有今日岁岁有今朝,0
454,刘女士生日快乐年年有今日岁岁有今朝,0
455,廖玺铭30生日快乐！,0
456,祝冷哥生日快乐，愿冷哥早日住豪宅，开跑车，迎娶白富美！,0
457,祝我们兄弟友谊天长地久,4
458,祝陈总2020年生意红红火火！,2
459,祝陈总2020年生意红红火火！,2
460,兄弟百年！！！,4
461,老铁生日快乐,0
462,燕无歇,11
463,【9188包厢】：不瞒各位说，在座的都是渣渣，哥带不动你们了,11
464,【A805包厢】：珍惜,11
465,祝妈妈生日快乐，永远年轻生活幸福美满，永远爱您,0
466,干就完了,11
467,祝大华杨总：生日快乐！身体健康！生意兴隆！合心合意。,0
468,生日快乐，社会我大哥，人狠话不多，十年后还要在一起嗨！,0
469,龙哥生日快乐！,0
470,老铁生日快乐，祝你早日帅过吴彦祖，富过王思聪，不要忘了兄弟。,0
471,祝马帮兄弟们玩的开心！！,4
472,祝好姐妹生日快乐，天天十八，月月好运，年年发财。,0
473,喝起来！嗨喽，大咖好，我系渣渣灰，系兄弟就来喝死我，我在则里等你。,11
474,小王生日快乐,0
475,祝:况总生日快乐，平安喜乐，得偿所愿，深情不负！,0
476,希望我们以后每天都开心，记得我在乎你，希望你过得越来越好，爱你么么哒！（诺）,3
477,胖子牛逼如果你上了好声音冠军可想而知,11
478,【包厢】祝靓坤生曰快乐，早日脱单！年年有今日，岁岁有今朝,0
479,祝：玄老八生日快乐天天快乐,0
480,生日来了江江,0
481,妙,11
482,祝程店一路长红，年头红到年尾，你是昆山八幡扛把子嘛,5
483,你们都送祝福了，俺们也来吧，兄弟们喝好开心,4
484,哇哦！比原唱还好听，再来一首，再来一首！,11
485,你的侧脸杀俘虏了我的心,3
486,【包厢】：祝福：张香香，刘远美，许华梅，三姐妹一辈子幸福开心！,4
487,【108包厢】：祝晓宇和曹睿有情人终成眷属,9
488,祝兄弟生日快乐，愿兄弟早日住豪宅，开跑车，迎娶白富美！,0
489,你给我盖他，安排，,11
490,3RsN1Lxatsn,11
491,希望我们以后每天都开心，记得我在乎你，希望你过得越来越好，爱你么么哒！,3
492,祝我老弟喜得贵子。,10
493,祝生日快乐，永远十八一枝花，开心每一天。,0
494,石家庄兄弟姐妹开心每一天,11
495,祝贺康，早日生二胎,10
496,我的孙儿岳嵋生日快乐,0
497,鹏鹏生日快乐,0
498,喝起来！最简单的表达方式就是喝，喝多了还能继续喝，不醉不归！五刀哥，其他包间兄弟能看到回一,4
499,生日快乐,0
500,喝起来！最简单的表达方式就是喝，喝多了还能继续喝，不醉不归！五刀哥，其他包间兄弟能看到回一,4
501,生日快乐,0
502,喝起来！最简单的表达方式就是喝，喝多了还能继续喝，不醉不归！,11
503,杨芳，生日快乐,0
504,郝芳若麟真牛逼,11
505,提前祝花花14号生日快，永远漂亮，可爱，年轻，永远18岁！,0
506,二妮，儿子生日快乐,0
507,送给发哥的（肖国发），迟来的祝福，生日快乐！,0
508,祝妹子生日快乐，永远十八一枝花，开心每一天。,0
509,【包厢】：祝建老表生日快乐心想事成，事事顺利！,0
510,永远不说再见,11
511,生日快乐哦，永远18岁无忧无虑,0
512,祝兄弟开心一辈子,4
513,祝程店：生日快乐岁岁有今朝，年年有今日,0
514,好难听,11
515,祝爸爸妈妈恩恩爱爱健健康康！祝两位阿姨永远年轻漂亮！祝在场所有人一路发发发！！！爱你们哟~,6
516,【总统15包厢】：祝兄弟生日快乐，愿兄弟早日住豪宅，开跑车！,0
517,【包厢】：811祝:陈仿先生生日快乐！感谢一年多的包容与陪伴！希望今后的岁月你一直有你,0
518,希望我们以后每天都开心，记得我在乎你，希望你过得越来越好，爱你么么哒！,3
519,兄弟一辈子,4
520,祝张总生日快乐妞越泡越多身体倍棒一夜七次郎！加油(_),0
521,祝我的好兄弟卢跟弟妹新婚快乐百年好合白头偕老,9
522,祝来星格纯K的朋友们天天开心！,4
523,3RsN1Lxatsn,11
524,感谢胜哥今晚骚气的演唱，天上人间虽然已成往事，但是胜哥的骚声永远留在山东。波昂棒,4
525,唱的也太好听了吧，棒棒哒！打call打call！,11
526,祝李总，孙总，王总生意兴隆，扬起合作的帆，走向成功的明天！,2
527,茹姐，爱你,3
528,阿爸的心声,11
529,唱的也太好听了吧，棒棒哒！打call打call！,11
530,茹姐，爱你,3
531,祝兄弟生日快乐，愿兄弟早日住豪宅，开跑车，迎娶白富美！,0
532,遇见你是我的福分，爱上你是我的福气，希望你能看明白我的心意，我爱你。,3
533,老铁生日快乐，祝你早日帅过吴彦祖，富过王思聪，不要忘了兄弟。宴成,0
534,祝福项城的魏总越来越好！一切都是最好的安排！感谢相遇！唱歌的喝酒！！,2
535,祝黔朋醉酒业有限公司生意兴隆财源滚滚,2
536,霍弟，大哥祝你生日快乐,0
537,牛逼客斯拉,11
538,祝梅小姐妹生日快乐，永远年轻漂亮，幸福满满。诺兰贝儿，阳光宝贝，快乐童年，童装大卖,0
539,"包容、理解、支持,全因我爱你",3
540,祝小姐姐生日快乐，永远年轻漂亮，幸福满满。年年有今朝岁岁都18,0
541,哇哦！比原唱还好听，再来一首，再来一首！,11
542,唱的也太好听了吧，棒棒哒！打call打call！,11
543,我的孙儿岳嵋生日快乐补办,0
544,派出所门口的男人,11
545,老铁生日快乐，祝你早日帅过吴彦祖，富过王思聪，不要忘了兄弟。,0
546,翠花ILOVEYOU,3
547,祝兄弟生日快乐，愿兄弟早日住豪宅，开跑车，迎娶白富美！,0
548,老婆希望你往后余生心情能够开朗，老公希望你每天开心快乐，风风雨雨走过来，真的在这里祝你每天,6
549,祝豪哥生日快乐，越来越帅！！！,0
550,祝创生日快乐永远健康,0
551,宝哥生日快乐！,0
552,大蒙城欢迎合肥美希整形医院严总来蒙城视察工作,2
553,【V09包厢】：刘师，歌声好，攒劲，继续。,11
554,祝王雨生日快乐岁岁有今朝！！！,0
555,海军祝吻得福107中餐厅，生意越来越好，蒸蒸日上，祝王总年年有今日，岁岁有今朝！,2
556,【K52包厢】：喝起来！最简单的表达方式就是喝，喝多了还能继续喝，不醉不归！,11
557,欢迎中山珠海D兄弟光临顺德.…所有兄弟身体健康，万事如意……,2
558,【12包厢】：祝朱建军新婚快乐,9
559,大寿快乐一夜暴富社会李,10
560,大寿快乐一夜暴富社会李,10
561,我爱孙莲香,3
562,最美我熊,11
563,祝石总生意兴隆.笑寒祝。,2
564,【108包厢】：祝王熙、罗安瑾、王潇航早日找到心仪的另一半,7
565,【包厢】：哇哦！比原唱还好听，再来一首，再来一首！,11
566,伟哥，生日快乐，这妹纸生日快乐,0
567,祝李少生日快乐，愿兄弟早日住豪宅，开跑车，迎娶白富美！，,0
568,兄弟，生日快乐，社会我大哥，人狠话不多，十年后还要在一起嗨！,0
569,你们尽情的玩今晚黄公子买单,11
570,兄弟，生日快乐，社会我大哥，人狠话不多，十年后还要在一起嗨！,0
571,希望我们以后每天都开心，记得我在乎你，希望你过得越来越好，爱你么么哒！我的红云宝贝,3
572,【K10包厢】：祝友谊长久友谊长久,4
573,玫瑰姐生日快乐，永远18,0
574,祝各位业绩达标，事事如意，一起奋斗，兄弟同心，其利断金！祝福大家！,5
575,你今天晚上一个找到要,11
576,仙女周，生日快乐,0
577,我的大宝贝爸爸永远爱你愿你以后的生活开心快乐每一天爱你的爸爸,6
578,祝小姐姐生日快乐，永远年轻漂亮，幸福满满。年年有今朝岁岁都18,0
579,祝我们亲爱的娴生日快乐永远青春美丽,0
580,小林子！,11
581,阿乔大叔，爱你么么么么么哒,3
582,【K10包厢】：祝贺总友谊长久友谊长久,4
583,生日快乐,0
584,哇哦！比原唱还好听，再来一首，再来一首！,11
585,牛掰牛掰,11
586,生日如期而至，生日快乐,0
587,大佬级别,11
588,您是我们永远的港湾，我们永远爱你。祝您笑口常开，越活越年轻，开开心心每一天！,8
589,感谢刘轶总骚气的歌声，给山东带来德祝福，感谢刘轶总，骚骚骚,2
590,苗氏集团苗总,2
591,表妹歌儿唱的太好了,6
592,祝我们家婷婷生日快乐天天开心身体健康暴富是你幸福是你，爱你的闺蜜阳阳,0
593,兄弟，生日快乐，社会我大哥，人狠话不多，十年后还要在一起嗨！,0
594,喝起来！青岛不倒我不倒，雪花不飘我不飘，问我酒量怎么样，请看大海的方向。,11
595,【备用包厢】：请你相信我，是真的爱你，请接受我送给你的开心快乐。,3
596,哥哥们好,11
597,遇见你是我的福分，爱上你是我的福气，希望你能看明白我的心意，我爱你。,3
598,祝兄弟张海生日快乐，愿兄弟早日住豪宅，开跑车，迎娶白富美！,0
599,遇见你是我的福分，爱上你是我的福气，希望你能看明白我的心意，我爱你。,3
600,大炮生日快乐,0
601,祝兄弟生日快乐，愿兄弟早日住豪宅，开跑车，迎娶白富美！,0
602,天哪，你唱歌好好听，我是你的小粉丝！么么哒爱你！,11
603,【K15包厢】：喝起来！嗨喽，大咖好，我系渣渣灰，系兄弟就来喝死我，我在则里等你。,11
604,喝起来！嗨喽，大咖好，我系渣渣灰，系兄弟就来喝死我，我在则里等你。,11
605,祝若依生日快乐！天天开心！！,0
606,祝兄弟张海生日快乐，愿兄弟早日住豪宅，开跑车，迎娶白富美！,0
607,祝周雨绮小姐生日快乐，永远年轻漂亮，幸福满满！,0
608,你喝醉了吗？,11
609,遇见你是我的福分，爱上你是我的福气，希望你能看明白我的心意，我爱你。,3
610,生日快乐,0
611,祝辉哥生日快乐，愿兄弟身体健康，早日迎娶个女朋友,0
612,祝兄弟生日快乐，愿兄弟早日住豪宅，开跑车，迎娶白富美！,0
613,愿牛得彪律师长盛不衰！,11
614,祝肖泽仕生日快乐越长越帅,0
615,唱的也太好听了吧，棒棒哒！打call打call！,11
616,凯强，生日快乐，你在想什么呢？都是弟弟,0
617,天哪，你唱歌好好听，我是你的小粉丝！么么哒爱你！,11
618,祝我们事业长虹，业绩翻番，荷包满满，未来都过上自己想要的日子！感谢郭总郑总俞总,5
619,兄弟，生日快乐，夜夜高潮,0
620,老铁生日快乐，祝你早日帅过吴彦祖，富过王思聪，不要忘了兄弟。,0
621,奥雷给,11
622,阳妹，忘了烦恼。干就完了,11
623,祝老板，生意兴隆，一本万利，飞黄腾达，好事不断，财源滚滚！,2
624,生日快乐，永远18,0
625,洋哥生日快乐,0
626,【v15包厢】：生日快乐舅妈,0
627,祝两位新人早日步入婚姻殿堂,3
628,肥轩生日快乐,0
629,喝起来！青岛不倒我不倒，雪花不飘我不飘，问我酒量怎么样，请看大海的方向。,11
630,喝起来！最简单的表达方式就是喝，喝多了还能继续喝，不醉不归！,11
631,生日快乐，永远18岁,0
632,老铁生日快乐，祝你早日帅过吴彦祖，富过王思聪，不要忘了兄弟。,0
633,希望我们以后每天都开心，记得我在乎你，希望你过得越来越好，爱你么么哒！,3
634,易比特三周年快乐！永无止境！乘风破浪，再斩佳绩！,10
635,黄启万遇见你是我的福分，爱上你是我的福气，希望你能看明白我的心意，我爱你。,3
636,祝华锡兄弟生意兴隆财源广进，祝轩哥万事如意！,2
637,祝快过科技业绩长虹！祝快过科技的家人们健康快乐，阖家幸福！,5
638,遇见你是我的福分，爱上你是我的福气，希望你能看明白我的心意，我爱你。,3
639,Happybirthday刘女士,0
640,祝张总生日快乐身体倍棒一夜七次郎妞约泡约多！,0
641,爱你,3
642,小老妹，我们永远是你坚强的后盾，么么哒,11
643,喝起来！嗨喽，大咖好，我系渣渣灰，系兄弟就来喝死我，我在则里等你。,11
644,美女爱你一万年,3
645,宝贝爱你,3
646,祝妹子生日快乐，永远十八一枝花，开心每一天。,0
647,祝老板，生意兴隆，一本万利，飞黄腾达，好事不断，财源滚滚！,2
648,祝石总生意兴隆，郝弟恭祝,2
649,慕尔如星，愿守心一人，从天光乍破，到暮雪白头。,3
650,喝起来！最简单的表达方式就是喝，喝多了还能继续喝，不醉不归！,11
651,老铁生日快乐，祝你早日帅过吴彦祖，富过王思聪，不要忘了兄弟。,0
652,唱的也太好听了吧，棒棒哒！打call打call！,11
653,以后的日子有我,3
654,兄弟，生日快乐，社会我大哥，人狠话不多，十年后还要在一起嗨！,0
655,大宇天天开心生日快乐,0
656,首先祝表哥生日快乐其次看看怎么霸屏,0
657,至少唱走5个婆娘,11
658,兄弟，生日快乐，社会我大哥，人狠话不多，十年后还要在一起嗨！,0
659,祝我生日快乐,0
660,春夏美女生日快乐永远是富婆,0
661,老铁生日快乐，祝你早日帅过吴彦祖，富过王思聪，不要忘了兄弟。,0
662,祝小姐妹生日快乐，永远年轻漂亮，幸福满满。,0
663,哇哦！比原唱还好听，再来一首，再来一首！,11
664,祝星格越来越好！祝兄弟们天长地久！,5
665,祝我生日快乐哈哈哈,0
666,玲美女，生日爆乐！！！,0
667,生日快乐,0
668,汤相金我爱你，爱你,3
669,邓倩云憨憨,11
670,不醉不归,11
671,赵若彤生日快乐也不知道几岁了！就是快了吧,0
672,祝紫怡妹子生日快乐,0
673,兄弟，生日快乐，社会我大哥，人狠话不多，十年后还要在一起嗨！,0
674,感谢我们的钱多多终于满十八岁了生日快乐,0
675,祝兄弟生日快乐，愿兄弟早日住豪宅，开跑车，迎娶白富美！,0
676,我们永远爱你。祝您笑口常开，越活越年轻，开开心心每一天！生日快乐，老妈！！！,0
677,生日快乐呀,0
678,生日快乐，永远18,0
679,喝起来！青岛不倒我不倒，雪花不飘我不飘，问我酒量怎么样，请看大海的方向。,11
680,慧姐生日快乐。今晚最红就系我。,0
681,在这个世界因为有你我的人生才活得无限精彩！你是我今生的唯一我甘愿为你付出我的一切,3
682,萌萌生日快乐,0
683,生日快乐,0
684,祝老板生日快乐，今年再赚二十个亿,0
685,唱的也太好听了吧，棒棒哒！打call打call！,11
686,易比特三周年快乐！永无止境！乘风破浪，再斩佳绩！希望大家开心快乐，一起发财！,10
687,祝姐姐生日快乐,0
688,花开如意富贵吉祥生日快乐.,0
689,小莲祝：梦晖生日快乐,0
690,喝起来！最简单的表达方式就是喝，喝多了还能继续喝，不醉不归！,11
691,邓伯伯生日快乐！家庭幸福！,0
692,兄弟，生日快乐，社会我大哥，人狠话不多，十年后还要在一起嗨！,0
693,祝刚哥生日快乐，幸福安康，心想事成,0
694,祝谢鹏飞刘雨楠百年好合早生贵子,9
695,【K21包厢】：天哪，你唱歌好好听，我是你的小粉丝！么么哒爱你！,11
696,君住长江头，我住长江尾。日日思君不见君，共饮长江水。我爱你,3
697,值此幸福时刻来临之际欢声笑语中迎来了拼点点人生中的重要一刻祝两位新人新婚快乐幸福永久,9
698,不管未来多遥远，成长路上有你们；不管相逢在何时，我们永远是朋友。友谊地久天长！,1
699,祝妹子生日快乐，永远十八一枝花，开心每一天。,0
700,祝妈妈生日快乐,0
701,祝郑杰！！！生日快乐，天天十八，月月好运，年年发财。,0
702,祝文豪兄弟生日快乐，愿兄弟早日住豪宅，开跑车，迎娶白富美！,0
703,祝好姐妹生日快乐，天天十八，月月好运，年年发财。,0
704,祝我霍弟21生日快乐，单身帅哥有相中的来K023包厢,0
705,我单身我骄傲,7
706,大猪蹄,11
707,美美我爱你,3
708,生日快乐，永远年轻,0
709,祝好姐妹生日快乐，天天十八，月月好运，年年发财。,0
710,祝愿华总事业蒸蒸日上,2
711,喔喔,11
712,芯宝是我的唯一,3
713,祝啊祖生日快乐，愿他以后以梦为马，聘天下，不负韶华不负卿,0
714,成长不期而遇生日如期而至生日快乐,0
715,祝老板娘生日快乐，事业发发发,0
716,亲爱哒，生日快乐，有你陪伴的日子即使平凡也觉得浪漫，愿余生长长的路我们慢慢走,0
717,亲爱的，没有太多的华丽的祝福语给你，深情不及久伴，厚爱无需多言，简单的一句老婆，生日快乐,0
718,请你相信我，是真的爱你，请接受我送给你的开心快乐。,3
719,洋哥生日快乐,0
720,毛冰冰我一定会给你世界上最安全的安全感不会让你受一点委屈会一直把你当个小孩宠着爱你,3
721,吴总生日快乐,0
722,祝丁总，生意蒸蒸日上，红红火火，一帆风顺，做大做强再创辉煌！,2
723,祝陶总局心想事成！祝甄局越来越漂亮！愿米总像我们爱惜曹总一样珍惜他！,5
724,老铁生日快乐，祝你早日帅过吴彦祖，富过王思聪，不要忘了兄弟。,0
725,喝起来！嗨喽，大咖好，我系渣渣灰，系兄弟就来喝死我，我在则里等你。,11
726,领导生日快乐，祝你早日帅过吴彦祖，富过王思聪，不要忘了兄弟。邢雷经理,0
727,老男人生日快乐,0
728,请你相信我，是真的爱你，请接受我送给你的开心快乐。,3
729,祝妹子生日快乐，永远十八一枝花，开心每一天。,0
730,喝起来！青岛不倒我不倒，雪花不飘我不飘，问我酒量怎么样，请看大海的方向。,11
731,生日快乐,0
732,王敏透了好几瓶了你开心点我体谅不到你的心情我的错我只想说我想和你过一辈子,3
733,遇见你是我的福分，爱上你是我的福气，希望你能看明白我的心意，我爱你。,3
734,老公我爱你么么哒,3
735,祝我明亮哥单身帅哥有相中的来K032包厢打包带走，随时陪夜，免费哦,7
736,祝老板，身体健康，生意兴隆，财源滚滚而来。事业事事顺，打牌场场蠃！,2
737,不管未来多遥远，成长路上有你们；不管相逢在何时，我们永远是朋友。友谊地久天长！,1
738,贺康同志，越健生涯，共同努力，共同进步，好兄弟一辈子,5
739,【大厅】：思思我们友谊长存，等七老八十还要美在一起,1
740,祝老板，身体健康，生意兴隆，财源滚滚而来。事业事事顺，打牌场场蠃！,2
741,今日的分别，是为了以后更好的相遇，毕业快乐，前程似锦。,1
742,祝侄仔喜结良缘，美满幸福,9
743,考研顺利，万事胜意！！！,1
744,不论距离远近，牵挂总在心怀；不论离别长短，友谊必将永恒；不论是否相伴，祝福总在身边。愿大家万事如意，健康常在！,1
745,考研顺利，万事胜意！！！,1
746,祝我永远单身,7
747,一辈子，一家人，只为做一件事。小孟农家菜越来越好，蒸蒸日上。,6
748,祝老板，身体健康，生意兴隆，财源滚滚而来。事业事事顺，打牌场场蠃！,2
749,时光不老，我们不散！感谢在最好的年华遇见你们，多年后还是如今的我们。友谊长存！,1
750,【包厢】：公9史小飞分手快乐,7
751,【t09888包厢】：陶籽祝各位老总^_^事事顺心。阖家幸福,5
752,【VIP01包厢】：祝双捷服务部扭转颓势，逆流而上,5
753,舅舅舅妈永远恩爱,6
754,祝我媛越来越好，二哥二嫂顺心顺意！,6
755,祝挞柠越做越旺,5
756,恭喜安哥喜得千金大小姐。,10
757,时光不老，我们不散！感谢在最好的年华遇见你们，多年后还是如今的我们。友谊长存！,1
758,不管未来多遥远，成长路上有你们；不管相逢在何时，我们永远是朋友。友谊地久天长！,1
759,各位老总生意兴隆！财源广进！,2
760,祝我大姐和大姐夫婚姻美满。二哥和二嫂（许建鹏）早日美满,9
761,祝福：刘帅良刘总！万事如意，事事顺心，亨通利达，亿万富翁！,5
762,树兜快乐男生刘朝星新婚快乐！,9
763,愿我老公：代宏强事业步步高升，身体健康，爱我如初,6
764,祝张强，雅雯幸福美满,3
765,铁馆健身第一街区店、抚河桥店的所有全体员工业绩大发财源滚滚,2
766,【V11包厢】：人潮人海，感恩一路有你们。好朋友，一辈子！今晚嗨皮到天亮，没毛病！,4
767,冉宝宝。我们好好的，宛宛、子豪.王哥，友谊长存,4
768,亲亲老婆，爱你哟,6
769,王队长，你单位两个美女不见了,5
770,祝我的好兄弟，王鹏，杨禹康，黄淑翔，车赞赞，李广宇，范齐海，在社会道路上，一路长虹，牛逼,4
771,今日的分别，是为了以后更好的相遇，毕业快乐，前程似锦。,1
772,时光不老，我们不散！感谢在最好的年华遇见你们，多年后还是如今的我们。友谊长存！,1
773,祝京华牙科医院生意兴隆财源滚滚,2
774,恭喜涛喜提宝马,10
775,祝我外婆三姨五姨小娘姨！二姨身体健康！一辈子幸福,6
776,恭喜燕景喜迎万元大单,5
777,祝郑鑫坤和李莎新婚快乐。白头偕老。,9
778,祝珊珊，幸福美满,11
779,友谊长存,1
780,蛋总像个憨批,5
781,祝天奇装饰、京城二手车生意兴隆、越来越好！,2
782,【603包厢】：祝李总生意兴隆,2
783,恭喜我张燕妹妹，拿驾照一生平,10
784,祝我亲家母越长越漂亮永远开心,6
785,卢总手气杠杠的！,5
786,祝双王（王骏、王希）总结同心，百年好合！！！,9
787,【vip8888包厢】：亲爱的，相濡以沫，不离不弃，么么哒,3
788,恭喜燕景喜迎万元单,5
789,祝哥哥嫂嫂永远幸福,6
790,祝：哥哥嫂嫂开心每一天！,6
791,祝天奇装饰、京城二手车生意兴隆、越来越好！,2
792,周静我爱你,3
793,时光不老，我们不散！感谢在最好的年华遇见你们，多年后还是如今的我们。友谊长存！,1
794,猪所有朋友开心快乐，事业有成。,4
795,宝哥生意兴隆，兄弟们万事如意！,2
796,姚远，张岩，陆宇洲，事业长虹，友谊长存。鹏程万里！,5
797,【柏林包厢】：祝陈总平步青云宏图大展,5
798,朋友情似海深！,4
799,朋友情似海深！,4
800,祝哥哥嫂嫂永远幸福,6
801,初次相遇，我们的称呼从最开始的喂，你好，到后来的亲爱的，遇见你，是我这辈子遇到的最美好的事,3
802,祝贺张公子张嫂喜得干女儿一枚！,10
803,不管未来多遥远，成长路上有你们；不管相逢在何时，我们永远是朋友。友谊地久天长！,1
804,祝刘总器大活好，越来越狗！,5
805,祝大家下半年心想事成，财源滚滚，天亚传媒再创辉煌！,5
806,陆川乃万我爱你么么哒哟疯狂打call,3
807,时光不老，我们不散！感谢在最好的年华遇见你们，多年后还是如今的我们。友谊长存！,1
808,祝刘总器大活好，越来越持久！,5
809,祝老板，生意蒸蒸日上，红红火火，一帆风顺，做大做强再创辉煌！,5
810,老矮牛逼，身体健康，硬邦邦！！！？,8
811,祝愿我们友谊长存松哥nb！,1
812,老婆我永远爱你,6
813,富景达七部生意长虹，多多开单,5
814,祝我们事业长虹，业绩翻番，荷包满满，未来都过上自己想要的日子！,5
815,时光不老，我们不散！感谢在最好的年华遇见你们，多年后还是如今的我们。友谊长存！,1
816,细弟喜结良缘，百年好合兄弟汪洋祝上,9
817,啊哟早生贵子,9
818,老公我爱你,6
819,不管未来多遥远，成长路上有你们；不管相逢在何时，我们永远是朋友。友谊地久天长！,1
820,老婆如果有来生我继续爱你,6
821,睿睿，我爱你,3
822,祝恒泰金科天天爆单，越来越好,5
823,今天易阳失恋了大家一起喝一杯,7
824,Shirley祝涛哥喜提宝马,10
825,希望我们以后每天都开心，记得我在乎你，希望你过得越来越好，爱你么么哒！,3
826,祝龙哥步步高升的老板越当越大带兄弟们飞黄腾达安排,5
827,祝愿我最爱最牵挂的妹妹一生幸福快乐,6
828,今天老子结婚各位随便干！,9
829,时光不老，我们不散！感谢在最好的年华遇见你们，多年后还是如今的我们。友谊长存！,1
830,祝朋友们家庭幸福，身体健康,4
831,宝宝，我想要和你有美好的未来，只要是你就好，也只能是你,3
832,不管未来多遥远，成长路上有你们；不管相逢在何时，我们永远是朋友。友谊地久天长！,1
833,榕城店越来越好，业绩蒸蒸日,2
834,祝老板，身体健康，生意兴隆，财源滚滚而来。事业事事顺，打牌场场蠃！,2
835,祝老板，身体健康，生意兴隆，财源滚滚而来。事业事事顺，打牌场场蠃！,2
836,祝老板，身体健康，生意兴隆，财源滚滚而来。事业事事顺，打牌场场蠃！,2
837,刘玉博。新婚快乐早生贵子！不生一个足球队就是对不起兄弟们。,9
838,祝宀豕地产开业大吉，业绩长虹。多多开单,5
839,愿我们的小团队永不解散！大黄，若晴，兵哥,5
840,好兄弟一辈子,4
841,人潮人海，感恩一路有你们。好朋友，一辈子！今晚嗨皮到天亮，没毛病！,4
842,祝妹夫，妹妹一家一路顺风！,6
843,祝小两口，新婚快乐，百年好合，早生贵子！幸福，一定要幸福！,9
844,祝我金峰的刘董事长，事业长鸿，永远这么帅！常州德唯斯自动线贺！,2
845,送给美丽的婷婷，祝愿她一切安好，友谊天长地久,1
846,祝蓝升集团营业额过两个亿,2
847,送给美丽的婷婷，祝愿她一切安好，友谊天长地久,1
848,祝明日时尚赛赛老板娘。老板娘，生意兴隆，一本万利，飞黄腾达，好事不断，财源滚滚！,2
849,祝老板，生意蒸蒸日上，红红火火，一帆风顺，做大做强再创辉煌！,5
850,【拉斯维加包厢】：祝单总和大家玩的开心,5
851,祝王子建和嫂子百年好合,9
852,刘老板生意兴隆,2
853,祝小两口，新婚燕尔，喜成连理，举岸齐眉，龙腾凤翔，天赐良缘，百年好合，生一对龙凤胎哈,9
854,不管未来多遥远，成长路上有你们；不管相逢在何时，我们永远是朋友。友谊地久天长！,1
855,祝小两口，新婚燕尔，喜成连理，举岸齐眉，龙腾凤翔，天赐良缘，百年好合，生一对龙凤胎哈,9
856,祝我们事业长虹，业绩翻番，荷包满满，未来都过上自己想要的日子！,5
857,恭祝，往后福禄与天齐，儿孙孝顺围身旁；荣华富贵卧福地，人寿年康全家安！,8
858,祝老吴和李小东百年好合,9
859,祝各位业绩达标，事事如意，一起奋斗，兄弟同心，其利断金！祝福大家！,5
860,毕业快乐，时光不老我们不散，祝你们未来安好！,1
861,祝香蕉装饰月月爆单，冲刺一千万。装修质量不行就是人品不行,5
862,祝武哥加入解放路二店一年了,5
863,2020向老板生意兴隆，雄起兄弟,2
864,祝各位业绩达标，事事如意，一起奋斗，兄弟同心，其利断金！祝福大家！,5
865,祝新泰店开业成功，哥哥弟弟们事业腾达。,2
866,祝新泰店开业成功，哥哥弟弟们事业腾达。,2
867,鹏鹏与单单百年好合,9
868,祝:陈总万事兴旺，多赚英镑！万事顺心，多赚美金！万事如意，多赚人民币！总之多赚钱少生气。,5
869,幸福的一家,6
870,毛毛虫和吉娃娃的友谊长存！会越来越好…,1
871,不管未来多遥远，成长路上有你们；不管相逢在何时，我们永远是朋友。友谊地久天长！,1
872,感谢杨文锦总莅临证圣天成张掖分公司指导工作,2
873,不管未来多遥远，成长路上有你们；不管相逢在何时，我们永远是朋友。友谊地久天长！,1
874,恭喜兄弟双喜临门可喜可贺早生贵子,9
875,祝我们事业长虹，业绩翻番，荷包满满，未来都过上自己想要的日子！,5
876,祝涛哥还有厂长，生意兴隆，一本万利，飞黄腾达，好事不断，财源滚滚！,2
877,祝娟姐吉时吉日喜如风丰年丰月如风增争富争财争长寿寿山寿海寿长生步步高升好运,8
878,祝胡闹闹和岳兑兑有情人天长地久！,3
879,祝铭瀚广告图文生意兴隆，东哥物流公司日进斗金，林林二手车一路长红。,2
880,时光不老，我们不散！感谢在最好的年华遇见你们，多年后还是如今的我们。友谊长存！,1
881,祝你俩白头偕老,9
882,时光不老，我们不散！感谢在最好的年华遇见你们，多年后还是如今的我们。友谊长存！,1
883,时光不老，我们不散！感谢在最好的年华遇见你们，多年后还是如今的我们。友谊长存！,1
884,祝露姐在鑫海事事顺利业绩高升,5
885,【A13包厢】：祝涛哥，嫂子，恩恩爱爱一生一世,6
886,祝；北杨烧烤城，孟掌柜羊老大金鼎友谊长存，天天有今日岁岁有今朝,4
887,人生苦短，兄弟能相聚到一起是我们的缘份，愿来生来世我们还是兄弟！,4
888,【V002包厢】：祝各位业绩达标，事事如意，一起奋斗，兄弟同心，其利断金！祝福大家！,5
889,敬爱的领导，亲爱的朋友们，为了明天继续革命，继努力吧,5
890,祝福蒲总分手快乐永远快乐,7
891,祝我们事业长虹，业绩翻番，荷包满满，未来都过上自己想要的日子！,5
892,分手快乐,7
893,祝老板，生意兴隆，一本万利，飞黄腾达，好事不断，财源滚滚！,5
894,祝我们事业长虹，业绩翻番，荷包满满，未来都过上自己想要的日子！,5
895,祝我们事业长虹，业绩翻番，荷包满满，未来都过上自己想要的日子！,5
896,预祝2020年劳谦俱乐部公园联赛圆满成功,2
897,祝各位业绩达标，事事如意，一起奋斗，兄弟同心，其利断金！祝福大家！,5
898,老婆我爱你，我会用尽我一生的力气去爱你去守护你,6
899,雷总。步步高升。天天开心。感谢雷总一路带着兄弟姐妹一起走过点点滴滴,5
900,【包厢】：毕业快乐，一部分人说对不起，对另一部分人说谢谢你，还有一撮人就再聚啦。,1
901,邓总。事事如意多挣人民币万事顺心多挣美金万事兴旺多赚英镑总之一句话。多挣钱少生气,5
902,祝各位业绩达标，事事如意，一起奋斗，兄弟同心，其利断金！祝福大家！,5
903,我家小梦天天开心.男人多的是不缺他,7
904,祝小两口，新婚燕尔，喜成连理，举岸齐眉，龙腾凤翔，天赐良缘，百年好合，生一对龙凤胎哈,9
905,毕业快乐，一部分人说对不起，对另一部分人说谢谢你，还有一撮人就再聚啦。,1
906,毕业快乐，一部分人说对不起，对另一部分人说谢谢你，还有一撮人就再聚啦。,1
907,爱你呦！亲爱的老婆，我们不要吵架了好不好,6
908,祝各位业绩达标，事事如意，一起奋斗，兄弟同心，其利断金！祝福大家！,5
909,Lily最美,11
910,毕业快乐，一部分人说对不起，对另一部分人说谢谢你，还有一撮人就再聚啦。,1
911,请你相信我，是真的爱你，请接受我送给你的开心快乐。,3
912,【V15包厢】：毕业快乐，一部分人说对不起，对另一部分人说谢谢你，还有一撮人就再聚啦。,1
913,今日的分别，是为了以后更好的相遇，毕业快乐，前程似锦。,1
914,谢奕婕罗嘉琪董敖游诗煜唐周姝刘4如肖颖付刘婧怡毕业快乐！,1
915,孩儿妈唱的好,6
916,程琳珊我爱你,3
917,恭祝，丁财兴旺，福星高照，五福临门！年年有今日，岁岁有今朝，福如东海寿比南山！,10
918,祝黄子涵毕业快乐！教师生涯顺风顺水！,1
919,祝中秋老板生意兴隆财源广进,5
920,祝单楚桐福如东海，寿比南山，长生不老.,10
921,今日的分别，是为了以后更好的相遇，毕业快乐，前程似锦。,1
922,【V01商中包厢】：太team和jb群团建快乐！,5
923,祝我们事业长虹，业绩翻番，荷包满满，未来都过上自己想要的日子！,5
924,【309包厢】：毕业快乐！高处见！,1
925,毕业快乐，时光不老我们不散，祝你们未来安好！,1
926,分手快乐,7
927,今日的分别，是为了以后更好的相遇，毕业快乐，前程似锦。,1
928,今日的分别，是为了以后更好的相遇，毕业快乐，前程似锦。,1
929,升学快乐，时光不老我们不散，祝你们未来安好！,1
930,祝我们事业长虹，业绩翻番，荷包满满，未来都过上自己想要的日子！,5
931,欢迎陈忠发陈总和石正芳石总‘大美女，加入康美来。,5
932,【A15包厢】：人潮人海，感恩一路有你们。好朋友，一辈子！今晚嗨皮到天亮，没毛病！,4
933,毕业快乐，时光不老我们不散，祝你们未来安好！,1
934,祝小两口，新婚燕尔，喜成连理，举岸齐眉，龙腾凤翔，天赐良缘，百年好合，生一对龙凤胎哈,9
935,祝贺儿子儿媳甜蜜一生,6
936,恭祝，丁财兴旺，福星高照，五福临门！年年有今日，岁岁有今朝，福如东海寿比南山！,10
937,【A8119包厢】：今日的分别，是为了以后更好的相遇，毕业快乐，前程似锦。,1
938,友谊长存,4
939,祝腾达新婚快乐,9
940,祝老板，身体健康，生意兴隆，财源滚滚而来。事业事事顺，打牌场场蠃！,2
941,毕业快乐，时光不老我们不散，祝你们未来安好！,1
942,祝我聪哥分手快乐,7
943,祝唐哥哥，陈哥哥两位老板，身体健康，生意兴隆，财源滚滚而来。事业事事顺，打牌场场蠃！,5
944,祝唐哥哥，陈哥哥两位老板，身体健康，生意兴隆，财源滚滚而来。事业事事顺，打牌场场蠃！,5
945,聪分手快乐,7
946,祝各位业绩达标，事事如意，一起奋斗，兄弟同心，其利断金！祝福大家！,5
947,狗逼王乙茗俺在海南祝狗茗同组小伙伴们工资暴涨事事顺利,5
948,好弟兄欢聚一堂，今朝有酒今朝醉，不醉不归！,4
949,【A06包厢】：97届七班万岁！,1
950,大饼大包，恩恩爱爱，长长久久，共浴爱河！早点生宝宝，俺们早当舅舅和大姨,6
951,不管未来多遥远，成长路上有你们；不管相逢在何时，我们永远是朋友。友谊地久天长！,1
952,热烈欢迎肖迪，牛钰同志来铜视察指导工作。,2
953,祝猪宏远先生姐姐新婚快乐,9
954,今日的分别，是为了以后更好的相遇，毕业快乐，前程似锦。,1
955,祝黄主任步步高升,5
956,姨妈：在您90大寿来临之际，会民全家恭祝您福如东海、寿比南山！生日快乐、平安喜乐！,10
957,祝我们事业长虹，业绩翻番，荷包满满，未来都过上自己想要的日子！,5
958,不管未来多遥远，成长路上有你们；不管相逢在何时，我们永远是朋友。友谊地久天长！,1
959,亲爱的:田苗，请你相信我是真的爱你，会用我余生好好呵护你爱你，绝不会辜负你，爱你的人，月哥,3
960,人潮人海，感恩一路有你们。好朋友，一辈子！今晚嗨皮到天亮，没毛病！,4
961,祝小两口，新婚快乐，百年好合，早生贵子！幸福，一定要幸福！,9
962,恭祝，往后福禄与天齐，儿孙孝顺围身旁；荣华富贵卧福地，人寿年康全家安！,8
963,毕业快乐四中17级的各位,1
964,毕业快乐，时光不老我们不散，祝你们未来安好！,1
965,今日的分别，是为了以后更好的相遇，毕业快乐，前程似锦。,1
966,不管未来多遥远，成长路上有你们；不管相逢在何时，我们永远是朋友。友谊地久天长！,1
967,欢迎书记、马主任的到来,5
968,祝我浩哥分手快乐！不缺她一个,7
969,毕业快乐，一部分人说对不起，对另一部分人说谢谢你，还有一撮人就再聚啦。,1
970,恭祝，往后福禄与天齐，儿孙孝顺围身旁；荣华富贵卧福地，人寿年康全家安！,8
971,今日的分别，是为了更好的相遇，毕业快乐，前程似锦，云南驻上海办事处早日荣登世界500强！,1
972,祝张银我叔2020年新婚快乐。,9
973,祝张银我叔2020年新婚快乐。,9
974,祝张银我叔2020年新婚快乐。,9
975,祝张银我叔2020年新婚快乐。,9
976,恭祝，丁财兴旺，福星高照，五福临门！年年有今日，岁岁有今朝，福如东海寿比南山！,10
977,祝各位业绩达标，事事如意，一起奋斗，兄弟同心，其利断金！祝福大家！,5
978,祝福冰哥哥的孩子升学宴圆满成功,10
979,人见人爱花见花开的汤宁福如东海长流水寿比南山不老松,10
980,祝老婆永远年轻美丽,6
981,祝路思琦福如东海寿比南山.,10
982,毕业快乐，时光不老我们不散，祝你们未来安好！,1
983,祝老同学天天开心，千杯不醉！,1
984,人潮人海，感恩一路有你们。好朋友，一辈子！今晚嗨皮到天亮，没毛病！,4
985,毕业快乐，一部分人说对不起，对另一部分人说谢谢你，还有一撮人就再聚啦。,1
986,分手快乐,7
987,么么，快点脱单，不要孤单,7
988,祝老板，生意兴隆，一本万利，飞黄腾达，好事不断，财源滚滚！,5
989,【V03包厢】：今日的分别，是为了以后更好的相遇，毕业快乐，前程似锦。,1
990,祝各位业绩达标，事事如意，一起奋斗，兄弟同心，其利断金！祝福大家！,5
342805,祝哥哥嫂子恩恩爱爱不准吵架,6
342859,袁嘉荟，老婆我们相遇144天了！我爱你！全场唱友为我们见证，为我们祝福！爱你宝贝！有你有我！爱你一辈子！,3
342883,开开心心就好，祝全家人开心幸福快乐,6
342895,祝M4业绩长虹,5
342913,钱芳分手快乐,7
342915,开开心心就好，祝全家人开心幸福快乐,6
342950,涛哥才子菲菲强强帅起！Lily琼儿洁儿沙沙灿儿美起！绿地铂瑞酒店销售部最棒,5
342996,【V252包厢】：恭祝，丁财兴旺，福星高照，五福临门！年年有今日，岁岁有今朝，福如东海寿比南山！,10
342999,"愿杨局,李总工作顺利,开心快乐每一天.",5
343009,miss橙！miss橙！miss橙！告别单身的好去处,7
343020,芹妹妹ILoveYou,3
343044,【V777包厢】：哥，你忒牛逼了，世界都是你的！,11
343054,【555包厢】：：南来北往但愿不辜负生活不迷失方向不为往事忧只愿余生笑,11
343069,我爱你臭臭,3
343122,祝我们生意越做越好生意兴隆！！,2
343134,祝云州府大卖,5
343139,宁波浩兴房地产销售有限公司，2020万事大吉。,2
343144,祝姐妹们今年都告别单身,7
343154,祝：苏哥公主升大学快乐，苏哥继续加油再来一个,10
343167,大鸟倒带牛逼呀，恭喜喜得千金,10
343180,大家开心就好，祝所有家人开心快乐，家庭快快乐乐，幸福美满...,6
343203,茄子:歌声甜美，永远是乡长最爱的女人,11
343204,祝我闺女小涵涵失恋成功,7
343207,【V252包厢】：恭祝老爹，丁财兴旺，福星高照，五福临门！年年有今日，岁岁有今朝，福如东海寿比南山！,10
343212,祝:样品团队所有同仁开心幸福！,5
343232,【208包房包厢】祝两大于总，长兴蒋总生意兴隆，天天开心：,2
343250,猪萱儿老弟早日脱单,7
343269,帖总、郎总话筒交给你俩了,5
343283,祝粘哥和小盼嫂子天天开心、幸福美满祝公司事业蒸蒸日上！天天开单！0风险！,2
343313,欢迎王总一行莅临咸宁指导工作，祝身体健康，万事胜意,2
343334,【K09999包厢】：邓公子、我爱你,3
343341,【111包厢】：佳佳，我爱你！,3
343369,老板们生意兴隆，财源滚滚,2
343381,杨总牛逼，杨总万岁友情岁月，我们撑你,5
343388,祝福我的好兄弟，李宁，开心快乐，永远幸福，生意越来越好，越做越大。,4
343402,星哥，爱你哟,3
343403,【208包房包厢】祝毛叔生意兴隆，天天一柱擎天：,2
343423,兄弟们唱的好祝你们越来越好钱越来越多,4
343424,钟老大，我喜欢你！,3
343443,赵金虎我喜欢你,3
343480,龙龙爱娜娜,3
343494,爱你爱你，我要你！不要停哦,3
343497,小胖胖喜欢你呦,3
343511,弯弯璇璇永远开心幸福闺蜜情永存,4
343512,祝姑姑生意兴隆，永远年轻漂亮，幸福满满。,6
343546,祝我两个女儿心想事成。工作顺利，万事如意,6
343550,【418包厢】：祝：赛老板提车开心,10
343557,辛苦了爸爸，愿你在以后身体健康，天天开心,6
343559,【9903包厢】：单总生活开心，工作顺利，事业再上一层楼！兰妹,5
343561,祝愿我妹妹党蓉一生幸福平安快乐，天天好心情，家人身体健康，事业一路顺达。,6
343570,祝公司各位老板2020年开心，身体健康，万事如意！,2
343577,祝我们的小可爱年年喝多次次喝嗨。友谊长存。爱你呦xinyao,4
343598,爱的就是你林琴,3
343599,祝龙尚品，马辛子，潘雪玲，左璐璐发财，发财！！！,11
343603,祝我们隔壁老王生日快乐！事业爱情双丰收,9
343620,欢迎我兄弟丁凯来郴州视察工作！,2
343630,祝鸭哥生活事业越来越好，祝我的合作伙伴朱总越来越顺,2
343631,祝愿K666所有好朋友爱情甜蜜一切顺利萌萌飒,4
343633,诺诺宝贝我爱你,3
343639,祝冲哥添丁发财，阖家欢乐，全家身体健康，生意兴隆,2
343642,祝贺各位朋友兄弟姐妹生体健康，入货多多，想咪有咪。,5
343668,管总，袁总，心情愉快，身体健康,5
343685,祝领导开心快乐步步高升,5
343687,祝我前女友。越来越丑。姨妈一来一个月，一痛痛一宿。噢也！,11
343693,亲爱的老婆一辈子不离不弃,6
343695,祝贺各位朋友兄弟姐妹身体健康，入货多多，想咪有咪。,5
343715,祝嫂嫂永远开心快乐，无忧无虑,6
343716,祝西港全体同仁业绩飙升，干就完了。陈言,5
343717,祝李一然分手快乐再也遇不到我这么好的姑娘没有人给他洗衣服没人等他回家没人坐他副驾,7
343744,祝我的女儿和和干女儿事业还有妹开开心心，过好每一天，我爱你们,6
343752,余生有你，我很开心,3
343761,祝福我们的小表妹天天开心，健健康康,6
343763,祝088包厢陈嘉维和宝贝猪久久！一直幸福！,3
343770,祝鹏哥喜得千金，，，,10
343782,祝各位业绩达标，事事如意，一起奋斗，兄弟同心，其利断金！祝福大家！,5
343788,祝福:妹妹少萍妹夫坤祥，新婚快乐，早生贵子，白头偕老，一生幸福,9
343806,【包厢】：祝福夏邑各位老朋友玩的开心，开开心心每一天！！！,8
343807,我最亲爱的娟单身快乐下一个会更好,7
343810,祝宏鹏陶瓷大家庭事业一切顺利！老子牛转盘东北角,2
343812,马涛是值得拥有偏爱和例外的男孩子。（杨迪留）,3
343833,你是我祝福的唯一，是问候的永恒，是我不变的思念。这一生能与你相遇，就算有再多的伤痛，也觉得,3
343848,往后余生，吃喝拉撒都要陪着你！,3
343854,姐，姐夫，乔姐，明姐，蒋总婷婷爱你们，我们一定要幸福，挣好多好多钱，身边有数不尽的美女帅哥,6
343876,【a02包厢祝老表，心想事成，日赚一个亿,4
343882,往后余生，吃喝拉撒都陪着你！,3
343883,8月超，9月超，10月超，月月都超！你也强，我也强，她也强，大家都强！祝大家收入都过万,5
343889,水查我好爱你啊,3
343897,祝豹子暗恋小萍二十年，在经厉了无数次痛苦的相思之苦后，今天他要让金宇宙人知道他爱她…,3
343906,你们就是最棒的兄弟，最棒的老表！,4
343922,我唐总业务繁忙,5
343966,啸天分手快乐,7
343995,方琪我中意你,3
343996,亲爱的你们幸福友谊万岁,4
344015,祝熊董事长事业兴旺发达,2
344050,祝愿傲凯兄弟姐妹，友谊长存，业绩长虹，步步高升,5
344054,王梦茹我爱你谢谢你送我两个小仙童【C02包厢】：,3
344069,周总祝你生意越来越红火，也祝在场所有的朋友2020心想事成万事如意,4
344081,链家唐镇五店，人人开单，兄弟姐妹们，一起努力，一定行，一定赢！,5
344099,欢迎腾铭的领导们到广西，祝我们广西腾铭越来越好，大家一起继续努力,2
344127,祝张漂亮天天当新娘夜夜换新郎,11
344132,祝老曼新婚快乐，永远爱你,9
344137,爱你哟,3
344148,祝各：文山跨越公司的兄弟姐妹们，万事如意，蒸蒸日上，一家人一条心一起拼一定赢！,2
344161,永远爱你。宝贝,3
344167,喜欢你，就是喜欢你,3
344197,祝福大家挣大钱祝福仵彦龙早日成亲早生贵子,11
344202,祝好兄弟龙天天开心！天天快乐！手中宝！发发发发发发发发发发发发发,4
344206,祝兄弟姐妹们友谊长存！爱你们！,4
344214,【C02包厢】：李小兴恭喜科三考试成功,10
344237,风吹日晒，鄄城天润府付老大最帅！,5
344240,祝老板，生意蒸蒸日上，红红火火，一帆风顺，做大做强再创辉煌！,5
344253,祝德佑九腾地产事业长虹，业绩翻番，荷包满满，未来都过上自己想要的日子！,5
344295,祝在坐的各位一路长虹，越来越好，越做越大，加油，奥利给,5
344324,今夜星光闪闪，爱你的心满满,3
344328,祝：张总，李总，刘总，完事顺心。小刘敬上！铁别是陈总！,5
344333,海光集团刘总好,2
344368,彪总十周年纪念日快乐,10
344394,祝我亲爱的老公幸永远,6
344395,祝婷婷美女越长越美丽快乐每一天,11
344408,老公我爱你,6
344419,祝宏鹏陶瓷大家庭事业一切顺利！老子牛转盘东北角！,5
344422,祝所有的亲们幸福,11
344433,祝张总同学们开心快乐，发大财,1
344469,天润府团队是最棒的！爱你们,5
344475,爱你一生不变,3
344476,【包厢】：祝我兄弟国国:开开心心、快快乐乐、珍惜当下、树欲静而风不止，愿你万事如意，心想事成！！！不醉不归！！！,4
344481,其实…我喜欢你好久了你愿意做我女朋友吗？,3
344482,我爱你王梦梦,3
344489,祝我闺蜜资产过亿，单手开法拉利，她有情有义,4
344516,君君爱你,3
344518,感谢深圳华飞通信技术集团公司对我们的帮助和支持，忠心感谢！祝华飞集团生意兴隆！财源广进！,2
344584,爱你噢老婆,6
344589,祝老板，生意蒸蒸日上，红红火火，一帆风顺，做大做强再创辉煌！,5
344595,祝各位业绩达标，事事如意，一起奋斗，兄弟同心，其利断金！祝福大家！,5
344605,祝金城水汇大吉大利源海更上一层楼,5
344611,高晓雅新婚快乐！！,9
344635,祝抗局越长越高，早日结婚,7
344646,祝福栋哥均哥益寿延年,8
344664,兄弟们开心，牛塘的兄弟们开心快乐,4
344671,段总威武，有目共睹！,5
344681,感谢有你，兄弟,4
344689,【VIP03包厢】：ILOVEYOU。脸脸,3
344702,辰杰、我爱你En,3
344705,祝骏兴车行，生意蒸蒸日上，红红火火，一帆风顺，做大做强再创辉煌！,2
344736,祝城云建业土石方工程有限公司明天会更好！感谢大嶝的兄弟支持与厚爱！,2
344754,祝两位张总JJ越来越粗，越来越长！,5
344755,祝英斯姐在新的工作岗位工作顺利、桃李满天下！,5
344776,祝城云建业土石方工程有限公司明天会更好！感谢大嶝兄弟们的支持与厚爱！,2
344809,【K52包厢】：森日快乐，永远十八岁，妹子永远日不完,0
344819,恭喜小两口喜结良缘，祝福白头偕老，心想事成，如胶似漆，一生幸福美满。,9
344820,黄总牛逼！！！,5
344830,抗局，一定要早日结婚，早日找到那个可以收拾你的人！放心我会一起的收拾的,7
344831,兄弟一生,4
344835,通化隆孚团队大卖,5
344838,祝艾尼森美容美发一路长虹,5
344846,祝陈大哥阿玲，百年好合,9
344857,老同学王佳宇越来越漂亮了,1
344861,祝老板，身体健康，生意兴隆，财源滚滚而来。事业事事顺，打牌场场蠃！,2
344873,祝嘉豪公司，亚浪公司，呈美斯集团，吉龙公司，以及建彬大哥，陈胜兄弟，林强兄弟玩的开心快乐,2
344882,相遇容易，相爱不易，且行且珍惜,3
344915,祝愿榴园房产天逸房产业绩长虹，团队不断壮大，友谊永恒,5
344931,大三租越来越好，越做越牛逼！,5
344951,【v08包厢】：祝领导，做大做强，再创辉煌,2
344971,铁子我们要长长久久,3
344972,祝鸽子家帅锅光荣加入中国人民解放军空军！(*^^*),10
344983,时光不老，我们不散！感谢在最好的年华遇见你们，多年后还是如今的我们。友谊长存！,1
344985,我们很高兴迎来了新任领导，祝营口办事业处长虹，业绩翻番，荷包满满，未来都过上自己想要的日子,5
344989,天门，仙桃，友谊长存！,4
344999,大木桥大二组，越做越好，越做越牛逼！,5
345006,啊牛啊万啊鬼老风龙金华啊乐以及兄弟们要的开心喝的开心,4
345008,送给慕尚美业的所有人，祝你们身体健康！每个人都赚钱！！！你们的太林哥！！！,5
345032,祝周总家里红旗不倒，外面彩旗飘飘飘！,5
345034,订婚快乐,10
345043,祝我的男人扶摇直上顺风顺水永远爱我,3
345045,遇见是我最美丽的事，今后一路有你陪伴就好。。。我爱你。,3
345046,邓军我爱你，也要跟你生小猴子,3
345048,祝中国平安保险公司武清部吴光富主任组，在吴光美老师的带领下，梁兰兰拜师仪式今天正式开始。,2
345055,祝大家成功上岸!欧力给,1
345063,宝我想你了呀呀呀呀呀,3
345072,乐哥求劈，你我弟兄，一辈子弟兄,4
345090,祝我老婆杨盼盼，永远年轻漂亮，往后余生会一直的幸福下去……,6
345113,【209包厢】：祝，澄海至义乌专线邱总骚兄生意兴隆！开心快乐！！！盛辉物流贺！,2
345125,啊牛啊万啊伦啊鬼龙金华啊乐老黑兄弟们玩的开心喝的开心,4
345128,刘总牛逼,5
345153,王帅哟想你。,3
345165,祝嘉豪，吉龙，呈美斯，亚浪，瑞控各位老板，以及建彬大哥，陈胜兄弟，林强兄弟越来越帅开心快乐,2
345175,祝福蒙城巨星生意越来越好，祝福王总越来越帅,5
345198,祝福冬哥夜夜当新郎夜夜换丈母娘,11
345202,祝悦保兄弟姐妹们！做快乐的自己！达成理想的目标！！！,5
345204,祝宽哥子孝孙贤代代荣，荣华富贵年年有，有钱有势有前程！祝大哥吃不愁穿不愁，不住平方住高楼,8
345207,女神，我好好好喜欢你,3
345211,祝梁超兄弟越来越帅b克拉斯。,4
345218,祝钱总心想事成，万事顺心,5
345237,厦工机械建水交付圆满成功！,10
345238,厦工机械建水交付圆满成功！,10
345242,祝我兄弟情深似海健健康康平平安安，健健康康快快乐乐,4
345244,【V08包厢】：祝福！政委！王鑫淼！百年好合。,9
345265,祝各位业绩达标，事事如意，一起奋斗，兄弟同心，其利断金！祝福大家！,5
345270,祝我们事业长虹，业绩翻番，荷包满满，未来都过上自己想要的日子！,5
345291,祝你单身快乐，唐擎,7
345294,图图爱红妹,3
345301,【03包厢】：祝老板，生意蒸蒸日上，红红火火，一帆风顺，做大做强再创辉煌！,5
345302,欢迎教授来四平地区指导全市各级组织！,11
345307,祝我兄弟赵哥小孔弟田弟生意兴隆,2
345315,黎总：健康快乐！,5
345329,祝嫂子越来越年轻，还有姐，希望你们天天快乐,6
345332,心语..........祝福新娘快乐,9
345333,心语..........祝福新娘快乐,9
345343,不管未来多遥远成长路上有你们不管相逢在何时我们永远是朋友祝两个美女开心就好,4
345351,祝坤坤和箐箐7周年快乐。7年不痒，9年永恒,10
345376,家庭幸福，万事如意,8
345390,祝福兄弟四人，虎，盼，勇，策前程似锦，永远长虹!,5
345398,叶子谢谢你陪我过了10几年你辛苦了希望你天天开心我的宝贝小叶子,3
345410,白田甜，我喜欢你,3
345424,亲爱的我爱你,3
345425,【302包厢】：祝老板，身体健康，生意兴隆，财源滚滚而来。事业事事顺，打牌场场蠃！,2
345429,吴总，你的歌声深深迷住了我，我要给你生猴子,3
345443,王总王总最帅最牛逼最强,5
345450,祝孙总玩的开心玩的尽兴,5
345451,媳妇我爱你,3
345457,祝福小表妹健康快乐,6
345469,丁雨峰永远爱黄小妹,3
345477,王总你是全天下最帅的男人,5
345479,祝我闺蜜资产过亿,4
345495,【3222包厢】：周总，郝总今晚要快乐哟,5
345496,时光不老，我们不散！感谢在最好的年华遇见你们，多年后还是如今的我们。友谊长存！,1
345498,祝创泽传媒生意蒸蒸日上，红红火火，一帆风顺，做大做强再创辉煌！,2
345507,陈晨大美女，祝你：一夜暴富、暴瘦、暴美！年年18岁----------,0
345511,友谊久久,4
345518,炮四，炮仲！好兄弟！愿以后我们好好一起,4
345571,祝莫小妞年年十八暴富爆美,0
345589,淡淡的友情很真，淡淡问候很纯，淡淡的祝福最真，祝各位兄弟事业蒸蒸日上、身体健康,2
345593,歆永远开心永远快乐财源滚滚,11
345601,亲爱的我爱你,3
345602,小明想你了,3
345617,恭祝艾米大组^_^恭祝狼大组^_^恭祝JJ大组^_^全体同仁干就完了,10
345622,张梦琰，我不想一直处于等待之中了，我想要给你勇气让你向我走来。只想一生跟你走我是真的爱上你,3
345624,我爱你朱,3
345656,【888包厢】：祝我们事业长虹，业绩翻番，荷包满满，未来都过上自己想要的日子！,5
345659,我爱你范存锦,3
345668,YOYO是一个大哈比，公司里最哈比的,5
345670,祝程总魏总夜夜当新郎！！！！,5
345678,祝包总鸡巴越来越粗，越来越长,5
345682,欢迎昆山代表团，喝好就好。,2
345693,祝大家工作蒸蒸日上,5
345733,壳牌加油站世界500强，祝在常德蒸蒸日上,2
345737,老婆，我爱你,6
345757,高羽菲……遇到你是我人生最大的幸运,3
345764,希望往后的自己一切能随愿,11
345769,祝领克智能红红火火。大火温州，大卖温州,2
345782,我希望我的闺蜜资产过亿，幸福美满天天开心…,4
345790,最爱王总和陈总,5
345792,分手后快乐,7
345810,祝王总山东睿恩蒸蒸日上，财运亨通,2
345816,祝；我们亲爱的敬爱的何总：夜夜笙歌夜夜新郎夜夜醉,5
345843,想要谈个甜甜的恋爱！有单身的小哥哥吗？,7
345856,祝福蔡嫂嫂永远年轻，漂亮，青春永驻！！！,6
345891,感谢遇见你,3
345893,祝各位业绩达标，事事如意，一起奋斗，兄弟同心，其利断金！祝福大家！,5
345903,欢迎济南李总泰安李总梁山酒神降临淄博,2
345913,【210包厢】：川哥新婚快乐,9
345918,周捷，，，我爱你,3
345922,磊哥也早日脱单,7
345942,祝曹总事业顺心如心,5
345943,我想你了,3
345944,我想你了,3
345958,祝我东哥分手快乐顺风顺水顺女人,7
345968,一路走来，风雨同路，愿毕业快乐，友谊长存。,1
345970,祝各位业绩达标，事事如意，一起奋斗，兄弟同心，其利断金！祝福大家！,5
345971,祝赖文祥舅舅越来越年轻，越来越帅！,6
345985,祝藏总王总浪总财源广进，天天好心情。,5
345993,孔维娜我爱你就像风走了千万里从不问归期,3
345997,祝：广告行业的兄弟们一帆风顺！大吉大利，百无禁忌！,5
346009,祝各位业绩达标，事事如意，一起奋斗，兄弟同心，其利断金！祝福大家！,5
346021,祝黄陈加入青岛东易日盛第四项目部,5
346026,【A21包厢】：祝老板，生意兴隆，一本万利，飞黄腾达，好事不断，财源滚滚！,2
346032,祝王主任张副主任，百年好合，再生贵子，永远开心，永远快乐,9
346042,恭喜小两口喜结良缘，祝福白头偕老，心想事成，如胶似漆，一生幸福美满。,9
346045,祝陈景新新婚快乐，百年好合，早生贵子,9
346047,祝我叔，以后跟我婶好好的，平平淡淡过一生，一生一起走,6
346048,【钻石1包厢】：美女爱你么么哒,3
346054,亲爱的兄弟姐妹们，珍惜每次在一起的时光，祝你们永远开心快乐,5
346067,有没有小姐姐加个微信的15994996413,11
346076,|给你我全部的温柔,3
346077,|给你我全部的温柔,3
346087,祝陈景新新婚快乐，百年好合，早生贵子,9
346090,祝斌哥事业一路长虹，蒸蒸日上，开开心心，每天没忧愁…,2
346095,姜总牛逼啊克拉斯,5
346096,【K03包厢】：我爱你皮皮,3
346099,龙哥单身快乐,7
346106,祝你戴总生意兴隆,2
346114,二傻爱你么么哒,3
346116,那我媳妇也太可爱了,6
346128,祝我老公永远开心,6
346154,祝苏喜祥，冯双新婚快乐,9
346171,祝胡总开心快乐,5
346179,王飞我中意你,3
346188,祝：张大保生意新隆财源滚滚,2
346198,祝愿大哥大嫂和和美美，白头偕老！,6
346237,曼妮宝宝，好爱你，好爱好爱你哦，希望我们长长久久，尽我所能，爱你所有，人间无趣，但却有你，不远万里，往后余生，万般皆你！,3
346244,祝福尕猫和海车喜结连理百年好合早生贵子,9
346245,祝福尕猫和海车喜结连理百年好合早生贵子,9
346248,新年快乐,10
346250,再见卑微的爱情老子再也不当舔狗了,7
346257,良总祝你身体健康,5
346258,良总祝你身体健康,5
346263,恭喜小两口喜结良缘，祝福白头偕老，心想事成，如胶似漆，一生幸福美满。,9
346284,祝达娃卓玛小姐姐永远开心快乐，天天有人爱，天天有钱花,11
346293,我心爱的老公先巴：事业有成，万事顺心，数钱数到手抽筋我爱你,6
346315,祝我们喜得贵子，祝我们资产过亿，祝我们夫妻感情幸福美满,6
346388,何超，祝你早日走出失恋的痛苦，同时祝你生意兴隆,7
346397,我永远爱着曦狗子熙狗儿么么哒,3
346398,何超兄弟，祝你早日走出失恋的世界。,7
346403,曾经的感情被我们想得那么完美，而现在从完美的开始变成卑微的结束。直到每次喝醉了哭了才晓得人间其实就这样不值得。,7
346410,超别陪我这个单身唱个单身滴歌应该就是下一首,7
346413,今日过后便是重生，祝失恋三兄弟获重生,7
346431,失恋算个啥？轻轻的，你走吧，千万别后悔，因为只要你一挥手，就会发现，已经有那等不及的意中人,7
346439,曾经的我们把感情想的那么美好，而至今从完美的开始到卑微的结束。现在只有喝醉了才能倾诉衷肠，哭了才能感觉什么都好。,7
346445,祝梁总跟陆总在一起第一天。玩得开心点再次祝我跟梁总以后的生意红红火火,2
346448,一花一世界，一叶一追寻，一曲一场叹，一生为一人。用我三生烟火，换你一世迷离。,3
346449,骑白马的未必是王子，他可能是唐僧。带翅膀的未必是天使，他可能是鸟人。失恋也未必是痛苦的,7
346462,【223包厢】：刘loveyou,3
346465,【223包厢】：刘Loveyou.,3
346504,【12包厢】：祝老板，生意兴隆，一本万利，飞黄腾达，好事不断，财源滚滚！,2
346505,友谊长存姊妹们,4
346535,大雾四起，我在无人处爱你,3
346540,祝英德的兄弟姐妹，身体健康，天天开心,5
346550,"【包厢】：记住该记住的,忘记该忘记的,改变能改变的,接受不能改变的.祝你以后的日子过得潇洒，自由，快乐，开心。",11
346600,祝林焓镔考上莆田学院！,10
346602,祝林焓镔考上莆田学院！,10
346606,祝贺梁大燕喜提女司机证。,10
346610,祝开开心心和雁南飞共建连理！,9
346612,亲爱的，王红芝，我愿用这辈子去爱你,3
346618,感谢马总带给我们的向天再借五百年,5
346621,同事团建,5
346622,祝罗少金榜提名没毛病,10
346628,祝刘张建金榜题名,10
346659,祝你天天开心，快快乐乐，万事如意，大顺大财大吉祥，爱你哟,11
346676,祝杨老师，昆仑子校765同学们，身体健康，万事如意。,1
346677,祝杨老师，昆仑子校765同学们，身体健康，万事如意。,1
346685,祝一林嫁给爱情！收获永恒！一生幸福！,9
346686,HappybirthdaytoTinamayallwishessoon,0
346687,祝我们事业长虹，业绩翻番，荷包满满，未来都过上自己想要的日子！,5
346695,祝大家天天开心快快乐乐开心快乐,11
346698,祝林焓镔考上莆田学院！！,10
346699,爱生活爱廖雅莹,3
346708,爱你。刘二蛋子,3
346711,【107包厢】：我爱木子李,3
346723,祝美赞臣的姐妹们，合家幸福，生意节节高，我们是相亲相爱的一家人！,5
346738,【C10包厢】：我爱莫金凤,3
346744,单身狗。,7
346752,祝小两口，新婚快乐，百年好合，早生贵子！幸福，一定要幸福！嫩都可会啊...,9
346759,多想抱抱你,3
346764,祝桑狗科目一成功通过！！！,10
346766,祝286兄弟们一路长虹,5
346768,恭喜凌雨琪考上湖南工业大学,10
346770,【C10包厢】：我喜欢莫金凤,3
346775,贵哥shab,11
346777,小伍傻逼,11
346782,王涵会一直爱杰个,3
346783,王涵会一直爱杰哥,3
346784,肥仔祝老革命老如松柏，及各位万事如意，生活美满。,8
346786,小李吃几把,11
346794,孙杰会一直爱涵宝,3
346821,一份努力，一份收获，毕业快乐，前程似锦。,1
346840,【221包厢】：祝胡总天天开心美丽漂亮,5
346841,宏伟一定要幸福哦,11
346842,祝福白头偕老，心想事成，如胶似漆，一生幸福美满。,10
346844,祝：殷西敏女士天天貌美如花！,11
346864,毕业快乐，祝我们未来安好！,1
346877,老婆爱你么么哒,6
346882,今日的分别，是为了以后更好的相遇，毕业快乐，前程似锦。,1
