contents,labels
恭喜 严总喜 提 爱车 一辆 。 。 。,5
宏伟 帅 咩 哈哈哈哈 狗日 青春,11
兄弟 ， 生日快乐 ， 社会 大哥 ， 人狠话 不 ， 十年 后 还要 嗨 ！,0
！ 原唱 还 好听 ， 再 一首 ， 再 一首 ！,11
摔倒 别哭 站 加油,11
526911589,11
祝菲哥 金榜题名 考上 河南 理工 ， 学业 一帆风顺 ， 未来 前程似锦 ！,1
小东 : 未来 遥远 ， 成长 路上 ； 相逢 ， 永远 朋友 。 友谊 地久天长 ！,1
祝 生日快乐,0
姑父 到来 ， 会 下 光临,6
祝 彩虹 都 开心,11
祝 李 姐姐 夫 永远 幸福 开心,6
遇见 福分 ， 爱上你 福气 ， 希望 看 明白 心意 ， 我爱你 。,3
老粑 粑 加油 ，,11
生日快乐,0
喝 ！ 青岛 不倒 不 倒 ， 雪花 不飘 不 飘 ， 问 酒量 ， 请 看 大海 方向 。,11
祝 大华 杨 总 ： 生日快乐 ！ 身体健康 ！ 生意兴隆 ！ 合 心 合意 。 l,0
唱 好 ， 赏酒 ！,11
526914177,11
喝 ！ 最 简单 表达方式 喝 ， 喝多 还 喝 ， 不醉 不 ！,11
喝 ！ 嗨 喽 ， 大 咖好 ， 我系 渣 渣 灰 ， 系 兄弟 喝 死 ， 里 。,11
祝 永远,11
小元 ， 祝 岁 岁 今日 年 年 今朝 开心 快乐 ！,11
天 ， 唱歌 好好 听 ， 小 粉丝 ！ 哒 爱 ！,11
郭晴 宝贝 生日快乐,0
愿冀雪燕 越来越 好 渣 男 都 远离,7
！ 原唱 还 好听 ， 再 一首 ， 再 一首 ！,11
钟心鹏 生日快乐,0
死,3
辉哥 ， 尽情 Happy,4
恭喜 老姐 张梅 ， 喜 提座 驾 ！ 钱 ！ 一路平安 ！,10
刚 哥哥 凡 哥哥 性福 日 ， 日 ！,11
若有 此生 ， 永不分离 ， 陌生 ， 悲伤 ， 只,3
若有 此生 ， 永不分离 ， 陌生 ， 悲伤 ， 只,3
祝 亲爱 妹妹 生日快乐 .,0
不忘 初心 . 幸福快乐 ， 都 当做 永恒,11
人潮 人 海 ， 感恩 一路 。 好 朋友 ， 一辈子 ！ 今晚 嗨 皮到 天亮 ， 没 毛病 ！,4
祝 ： 容姐 生日快乐,0
南平 好 兄弟 ， 谢谢你们 款待 ， 很 真 好 ， 浩子 祝福 生意兴隆 ， 财源 广进 。,2
兄弟 ， 生日快乐 ， 社会 大哥 ， 人狠话 不 ， 十年 后 还要 嗨 ！,0
生日快乐,0
。,11
喝 ！ 最 简单 表达方式 喝 ， 喝多 还 喝 ， 不醉 不 ！,11
盖,11
喝 ！ 最 简单 表达方式 喝 ， 喝多 还 喝 ， 不醉 不 ！,11
都 漂亮,11
兄弟 ， 生日快乐 ， 社会 大哥 ， 人狠话 不 ， 十年 后 还要 嗨 ！,0
祝小陶 对象 99,9
兄弟 ， 别哭 ， 生日快乐 ！ ！ ！,0
祝 一家人 健健康康 平平安安,6
祝周 主任 生日快乐,0
祝愿 友谊 天长地久,4
兄弟 ， 生日快乐 ， 社会 大哥 ， 人狠话 不 ， 十年 后 还要 嗨 ！,0
【 8888 包厢 】 ： 北 姑娘 生日快乐,0
韩 总 生日快乐 ， 祝 早日 帅过 吴彦祖 ， 富过 王思聪 ， 忘 兄弟 。,0
吴洪永爱罗梅 一生一世,3
老铁 生日快乐 ， 祝 早日 帅过 吴彦祖 ， 富过 王思聪 ， 忘 兄弟 。,0
祝好 姐妹 生日快乐 ， 天天 十八 ， 月 月 好运 ， 年 年 发财 。,0
盖,11
希望 都 开心 ， 记得 在乎 ， 希望 越来越 好 ， 爱 哒 ！,3
祝 ： 容姐 生日快乐 ！ 身体健康 ！,0
喝 ！ 最 简单 表达方式 喝 ， 喝多 还 喝 ， 不醉 不 ！,11
祝罗 总 家庭 事业 双丰收 ， 祝沈姐 张姐 青春永驻 ， 祝叶 兄弟 每晚 都行,5
蓉婷 小可爱 生日快乐 鸭 ！ ！ ！,0
喝 ！ 嗨 喽 ， 大 咖好 ， 我系 渣 渣 灰 ， 系 兄弟 喝 死 ， 里 。,11
祝 ： 容姐 生日快乐 ！ 身体健康 ！,0
祝 兄弟 生日快乐 ， 愿 兄弟 早日 住 豪宅 ， 开 跑车 ， 迎娶 白富 美 ！,0
深情 小王子,11
祝颜梦雨 生日快乐 ！,0
【 517 包厢 】 ： 祝琳 妹妹 青春永驻 ！ 生日快乐 ！,0
好,11
永远都是 公主 18 岁 快乐,0
祝陆 红萍 生日快乐,0
祝 : 许善娟 生日快乐 ， 青春永驻 ， 年 年 十八,0
林玲 喜欢,3
祝 老板 ， 身体健康 ， 生意兴隆 ， 财源滚滚 。 事业 事事 ， 打牌 场场 蠃 ！,2
无聊,7
妈妈 生日快乐 ， 越活 越 年轻,0
希望 都 开心 ， 记得 在乎 ， 希望 越来越 好 ， 爱 哒 ！,3
唱 太 好听 ， 棒棒 哒 ！ call call ！,11
哈哈哈,11
祝福 大哥 星星 生日快乐 ， 永远 年轻,0
辉哥 ， 爱 哒,3
过后 还 ， 祝 快乐,3
祝 明早 上 打针 快点,11
兄弟 ， 生日快乐 ， 社会 大哥 ， 人狠话 不 ， 十年 后 还要 嗨 ！,0
胖胖 哥 ： 遇见 福分 ， 爱上你 福气 ， 祝 生日快乐 ， 财源滚滚 ， 爱 。,0
祝 娜娜 姐 生日快乐 ， 永远 十八 一枝花 ， 开心 。,0
买 金刚砂 张 总 / 鹏程 金刚砂,2
遇见 福分 ， 爱上你 福气 ， 希望 看 明白 心意 ， 我爱你 。,3
周周 全场 最骚 老 女人,8
兄弟 ， 生日快乐 ， 社会 大哥 ， 人狠话 不 ， 十年 后 还要 嗨 ！,0
祝好 姐妹 生日快乐 ， 天天 十八 ， 月 月 好运 ， 年 年 发财 。,0
娃子 生日快乐,0
老铁 生日快乐 ， 祝 早日 帅过 吴彦祖 ， 富过 王思聪 ， 忘 兄弟 。,0
生日快乐 ， ， ， 奥雷,0
祝小 姐妹 生日快乐 ， 永远 年轻漂亮 ， 幸福 满满 。,0
祝 同事 家人 、 兄弟姐妹 ， 万事如意 ， 蒸蒸日上 ， 一家人 一条心 拼 赢 ！,6
黄 小胖 生日快乐 ！ 哒,0
祝孟哥 玩 好 、 嗨 好 …,11
弯卵 ， 硬,11
喝 ！ 嗨 喽 ， 大 咖好 ， 我系 渣 渣 灰 ， 系 兄弟 喝 死 ， 里 。,11
喝 ！ 最 简单 表达方式 喝 ， 喝多 还 喝 ， 不醉 不 ！,11
老 连长 莅临 南安,2
生日快乐 祝王 大炮 越来越 胖,0
祝涛 哥 分手 快乐 早日 找到 真 爱,7
感谢 罗总 盛情款待 ， 喝 ！ 嗨 喽 ， 大 咖好 ， 我系 渣 渣 灰 ， 系 兄弟 喝 死 ， 里 。,2
丘 大爷 生日快乐 ， 寿星 丘 大爷 献上 第一句 生日 祝福 ： 生日快乐 ！ 祝 青春 永不 变 ！,0
祝福 爸爸妈妈 恩恩爱爱 白头到老 ， 健健康康 开开心心 一路发 发发 ！ ！ ！ 爱,6
希望 都 开心 ， 记得 在乎 ， 希望 越来越 好 ， 爱 哒 ！,3
祝 妹子 生日快乐 ， 永远 十八 一枝花 ， 开心 。,0
大哥 生日快乐,0
祝 国宝 生日快乐,0
B05 挑战 包厢 ， 敢 。 男女 ， 接 ！,11
表妹 生日快乐 ， 美美 最美,0
祝 郑兄 生日快乐,0
祝好 朋友 姚志杰 生日快乐,0
祝 兄弟 生日快乐 ， 愿 兄弟 早日 住 豪宅 ， 开 跑车 ， 迎娶 白富 美 ！,0
梅子 女士 生日快乐 年 年 十八,0
祝 哥们 感情 天长地久 ！ ！ TG,4
生日快乐,0
惨淡经营 历千辛 ， 一举成名 天下 闻 ， 虎啸 龙吟 展宏图 ， 盘马弯弓 创新 功,2
【 V09 包厢 】 ： 好好 听 ， 身材 健康 ， 工作 顺心,5
祝愿 王晶 小朋友 天天 18 岁 ， 年 年 都 开心,0
B05 挑战 包厢 ， 敢 。 男女 ， 接 ！,11
晓雯 爸爸,11
老铁 生日快乐 ， 祝 早日 帅过 吴彦祖 ， 富过 王思聪 ， 忘 兄弟 。,0
兄弟 ， 生日快乐 ， 社会 大哥 ， 人狠话 不 ， 十年 后 还要 嗨 ！,0
乖崽 ， 永远 爱 ， 一辈子 爱 ， 不 欺骗 ， 疼 ， 懂 ！,3
周周 全场 最骚 老处女,8
祝小 姐妹 生日快乐 ， 永远 年轻漂亮 ， 幸福 满满 。,0
珍珍 老师 大夜 顺利,11
男 27 岁 。 微信 17789822903 。 想 找个 女朋友 。 看上,7
祝 : 李老板 生意兴隆 ， 财源滚滚 ， 身体健康 ， 万事如意 ， 心想事成 。,2
早生贵子,9
两个 嫂子 沈阳 光临,6
喝 ！ 最 简单 表达方式 喝 ， 喝多 还 喝 ， 不醉 不 ！,11
请 ， 真的 爱 ， 请 接受 送给 开心 快乐 。,3
散伙 拜拜,1
【 605 包厢 】 ： 唱 太 好听 ， 棒棒 哒 ！ call call ！,11
请 ， 真的 爱 ， 请 接受 送给 开心 快乐 。,3
喝 ！ 最 简单 表达方式 喝 ， 喝多 还 喝 ， 不醉 不 ！,11
祝 笑笑 云奇 新婚 快乐,9
祝 小姐姐 生日快乐 ， 永远 年轻漂亮 ， 幸福 满满 。,0
姐夫 生日快乐,0
祝 亮点 生日快乐 开心 健康 永远 美丽,0
祝陆 总 生日快乐 ！ 身体健康 ！ 爆富 爆美,0
住 吕凤华 生日快乐,0
【 517 包厢 】 ： 祝王 乔琳 大姐大 永葆青春 寿比南山 福如东海 年 年 今日 岁 岁 今朝,10
祝 姐妹 生日快乐 ， 天天 十八 ， 月 月 好运 ， 年 年 发财 。,0
兄弟 ， 生日快乐 ， 社会 大哥 ， 人狠话 不 ， 十年 后 还要 嗨 ！ 祝 唐标 生日快乐 ！ ！ ！ ！ ！,0
马 sir 生日快乐,0
！ 陈渣 生日快乐,0
【 A222 包厢 】 ： 老铁 生日快乐 ， 祝 早日 帅过 吴彦祖 ， 富过 王思聪 ， 忘 兄弟 。,0
祝 我浩弟 生日快乐,0
喝 ！ 最 简单 表达方式 喝 ， 喝多 还 喝 ， 不醉 不 ！,11
祝 谢艳芳 生日快乐 ！ 身体健康 ！ 祝 今晚 兄弟姐妹 平平安安 ！ 热烈欢迎 大 刘 总 光临 平湖 ！,0
黄先生 ， 生日快乐 ！ 爱 哒 ！,0
喝 ！ 青岛 不倒 不 倒 ， 雪花 不飘 不 飘 ， 问 酒量 ， 请 看 大海 方向 。,11
祝 妹子 生日快乐 ， 永远 十八 一枝花 ， 开心 。,0
【 312 包厢 】 ： 涛峰哥 ， 哒 … … 做 60 俯卧撑 ， 好 强壮 ， 伦家 好 喜欢 … … 涛峰 欧巴,11
祝香香 女神 生日快乐,0
师生 相聚,1
黄先生 ， 余生 才 算 完整 ！ ！ 娟,3
祝 兄弟 生日快乐 ， 愿 兄弟 早日 住 豪宅 ， 开 跑车 ， 小妮,0
祝 ： 海 南昌 昊 公司 ， 同仁 齐心协力 共创 辉煌 ！,2
祝温平 升学 快乐,10
悦哥 威武 霸气 侧漏 ， 大姨妈 长流 不息,11
祝 ： 亲爱 老婆 生日快乐,0
祝 亲爱 林广全 梁耀光 黎权 英 三位 同学 生日快乐 ！ 心想事成 ！,0
王金梦 最棒,11
生日快乐 哥们,0
希望 都 开心 ， 记得 在乎 ， 希望 越来越 好 ， 爱 哒 ！,3
剑鑫 生日快乐 ， 祝 早日 帅过 吴彦祖 ， 富过 王思聪 ， 忘 兄弟 。,0
祝 兄弟 新婚 快乐 ！ 早生贵子 ！,9
祝 兄弟 新婚 快乐 ！ 早生贵子 ！,9
祝 兄弟 新婚 快乐 ！ 早生贵子 ！,9
祝 兄弟 新婚 快乐 ！ 早生贵子 ！,9
兄弟 ， 生日快乐 ， 社会 大哥 ， 人狠话 不 ， 十年 后 还要 嗨 ！,0
！,11
弟妹 生日快乐,0
祝 ： 男神们 越来越 帅 ， 品质 团队 越做越 好,5
祝福 ， 肖湘亮 ， 老弟 生日快乐 ， 全家 身体健康 ，,0
祝 亲爱 生日快乐 ， 永远 十八 一枝花 ， 开心 。,0
王 秋雨 生日快乐,0
金牌 小王子,11
朱朱 老师 生日快乐,0
3RsN1Lxatsn,11
祝 月亮 生日快乐 ， 年 年 今日 岁 岁 今朝,0
祝 亮点 生日快乐 开心 健康 永远 美丽,0
感谢您 真诚 祝福 ， 谢谢您 ！,10
祝 老板娘 生日快乐 ， 生 兴隆 ， 越活 越 漂亮,0
马 sir 生日快乐,0
兄弟 ， 生日快乐 ， 社会 大哥 ， 人狠话 不 ， 十年 后 还要 嗨 ！,0
喝 ！ 嗨 喽 ， 大 咖好 ， 我系 渣 渣 灰 ， 系 兄弟 喝 死 ， 里 。,11
3RsN1Lxatsn,11
好像 不 太行,11
祝小 姐妹 生日快乐 ， 永远 年轻漂亮 ， 幸福 满满 。,0
亲爱 李国英 美女 ， 迟来 祝祝 生日快乐,0
猜 哈哈哈,11
祝 林妹妹 永远 18,0
峰哥 来到 芦台 ， 五湖四海 朋友 ， 真诚 祝福 越来越 好 。 王 小妹 敬 上 ！,4
人潮 人 海 ， 感恩 一路 。 好 朋友 ， 一辈子 ！ 今晚 嗨 皮到 天亮 ， 没 毛病 ！,4
生命 里 ， 无疑 会 很多 夏天 ， 一个 ， 会 如今 夏 。,11
孟哥 玩 好 、 玩 、 嗨 好 、 兄弟 曹梁 全体 兄弟,4
王敏 透 好 几瓶 说 开心 点 想 一辈子,3
祝马姐 生意兴隆 ， 万事如意 ， 所有人 太 开心 ， 所有人 太 快乐 大本营 ，,2
百年 成诺 携手 奥雷 公司 祝 广州 之行 嗨 到底,2
【 1007 包厢 】 ： 祝 事业 长虹 ， 业绩 翻番 ， 荷包 满满 ， 未来 都 上 想要 日子 ！,5
兄弟 嗨,4
热烈欢迎 浙江 邵总 ， 广西 曹总 ， 同窗 黄总 ， 曾 总 好友 莅临 英禄 科技 指导 视察工作,2
祝 事业 长虹 ， 业绩 翻番 ， 荷包 满满 ， 未来 都 上 想要 日子 ！,5
老铁 生日快乐 ， 祝 早日 帅过 吴彦祖 ， 富过 王思聪 ， 忘 兄弟 。,0
美女 生日快乐 越来越 漂亮,0
军中 绿花,11
请 ， 真的 爱 ， 请 接受 送给 开心 快乐 。,3
毕业 快乐 ， 时光 不老 不 散 ， 祝你们 未来 安好 ！,1
柚子 姐 ， 生日快乐 ， 年 年 18 貌美如花,0
遇见 福分 ， 爱上你 福气 ， 希望 看 明白 心意 ， 我爱你 。,3
喝 ！ 青岛 不倒 不 倒 ， 雪花 不飘 不 飘 ， 问 酒量 ， 请 看 大海 方向 。,11
祝 老板 ， 身体健康 ， 生意兴隆 ， 财源滚滚 。,2
感觉,11
喝 ！ 最 简单 表达方式 喝 ， 喝多 还 喝 ， 不醉 不 ！,11
祝 杨 叔叔 : 生日快乐 ， 生意兴隆 ， 赚 一个亿 ！ ！,0
【 621 包厢 】 ： 遇见 福分 ， 爱上你 福气 ， 希望 看 明白 心意 ， 我爱你 。,3
！ 原唱 还 好听 ， 再 一首 ， 再 一首 ！,11
天 ， 唱歌 好好 听 ， 小 粉丝 ！ 哒 爱 ！,11
生日快乐 小朋友,0
兄弟 ， 生日快乐 ， 社会 大哥 ， 人狠话 不 ， 十年 后 还要 嗨 ！,0
唱 太 好听 ， 棒棒 哒 ！ call call ！,11
【 V08 包厢 】 ： 遇见 福分 ， 爱上你 福气 ， 希望 看 明白 心意 ， 我爱你 。,3
祝 老公 生日快乐,0
祝福 宝贝 姑娘 两个 宝贝 新 一年 学习 蒸蒸日上 ， 住 哥们 嫂子 生意兴隆,6
605 ， 祝 婆娘 ， 小惠 生日快乐,0
祝超 生日快乐 温柔 坚韧 知足 上 进,0
老贾 。,11
祝好 姐妹 生日快乐 ， 天天 十八 ， 月 月 好运 ， 年 年 发财 。,0
杜少 生日快乐 ！ 喝 ！ 青岛 不倒 不 倒 ， 雪花 不飘 不 飘 ， 问 酒量 ， 请 看 大海 方向 。,0
英姐 生日快乐 鸭,0
祝好 姐妹 生日快乐 ， 天天 十八 ， 月 月 好运 ， 年 年 发财 。,0
小元祝 好 哥们 开心 快乐,11
请 ， 真的 爱 ， 请 接受 送给 开心 快乐 。,3
哥 ， 生日快乐 ， 时光 不老 不 散,0
小小 菇 凉 ， 年 年 18 岁,0
祝许 善娟生 快乐 ， 青春永驻 年 年 十八,0
祝好 姐妹 生日快乐 ， 天天 十八 ， 月 月 好运 ， 年 年 发财 。,0
祝 刘 总 生日快乐 … … 发财 脱单 开开心心,0
方 老二 爱 一辈子,3
宝宝 ， 21 生日快乐,0
可乐 帅哥哥 生日快乐,0
热烈 掌声 送给 这位 哥 ！,11
祝 邱 总书记 生日快乐 ， 请客 ！,0
祝 最 爱 宝宝 生日快乐 ， 很少 ， 足够 爱 ( ( c ) ！,0
王敏 透 好 几瓶 说 开心 点 想 一辈子,3
祝 最 爱 宝宝 生日快乐 ， 很少 ， 足够 爱 ( ( c ) ！,0
【 V08 包厢 】 祝 哥哥 姐姐 开开心心 ：,11
呦 妈呀 ， 老公 唱 太好了,6
祝 妹妹 生日快乐 永远 长不大,0
喽 大哥 大姐,8
唱 好 ！ 赏酒 两杯 ！,11
唱 太 好听 ， 棒棒 哒 ！ call call ！,11
老铁 生日快乐 ， 祝 早日 帅过 吴彦祖 ， 富过 王思聪 ， 忘 兄弟 。,0
【 V08 包厢 】 ： 时光 不老 ， 不 散 ！ 感谢 年华 遇见 ， 多年 后 如今 。 友谊 长存 ！,4
兄弟 嗨,4
刘老板 生日快乐 ， 祝 早日 帅过 吴彦祖 ， 富过 王思聪 ！,2
唱 好好 好,11
宝扬 米业 ， 鸿扬 米业 ， 生意兴隆 ！ 辉哥 ， 最 棒,2
闻闻 生日快乐 爱,0
希望 都 开心 ， 记得 在乎 ， 希望 越来越 好 ， 爱 哒 ！,3
【 K69VSHOW 包厢 】 ： 醉骚 联盟 最牛 逼 ！ ！ ！,11
鹏鹏 ， 单单 牛 逼,11
【 V08 包厢 】 ： 时光 不老 ， 不 散 ！ 感谢 年华 遇见 ， 多年 后 如今 。 友谊 长存 ！,4
强子 哥 最帅 最 牛批,11
徐金毅 ， 今晚 包场,11
贾凤仙 。 曾燕 。 唱 好,11
唱 真 好听,11
时光 不老 ， 不 散 ！ 感谢 年华 遇见 ， 多年 后 如今 。 友谊 长存 ！,4
盖,11
百年 成诺 携手 奥雷 公司 祝 广州 之行 嗨 到底,2
祝 老公 生日快乐 ， 我爱你,0
今晚 生日 ， 点燃 生日 烛光 ， 点燃 幸福 希望 ， 代表 公司 全体人员 祝 老李 生日快乐,0
兄弟 性生活 愉快 ！ 均哥 、 波哥 骚得 很 ！,4
刘老板 生日快乐 ， 祝 早日 帅过 吴彦祖 ， 富过 王思聪 ！,0
【 V09 包厢 】 ： 朋友 ， 喝 ！ 最 简单 表达方式 喝 ， 喝多 还 喝 ， 不醉 不 ！,11
恭喜 叶姐 儿子 读上 一中,10
胡总胡 总 我爱你 ， 老鼠 爱 大米 ~ ~,3
祝许 善娟 生日快乐 ， 青春永驻 年 年 十八,0
祝福 远道而来 第二 故乡 两位 大哥 来看 小弟 ！ 兄弟 倍感 亲切 ！ 祝 两位 大哥 身体健康 ！ 阖家欢乐 ！,8
严 如玉 大 笨蛋,11
NB ！ ！ ！ 牛 逼 ！ ！ ！ 灵魂 歌手 ！ 出 道 ！ ！ ！,11
亲儿子,11
祝 兄弟 生日快乐 ， 愿 兄弟 早日 住 豪宅 ， 开 跑车 ， 迎娶 白富 美 ！,0
曼丽 嫂子 生日快乐 ， 祝 永远 十八岁 。,0
祝 张姐 生日快乐 ， 年 年 今日 ， 岁 岁 今朝,0
老板 生日快乐,0
希望 都 开心 ， 记得 在乎 ， 希望 越来越 好 ， 爱 哒 ！,3
祝 太湖 杨 总 郭总万 总 刘 总 渡过 一个 愉快 夜晚 ！,2
鑫 哥哥 生日快乐,0
， 生日快乐 ！,0
祝唐 才 生日快乐,0
喝 ！ 青岛 不倒 不 倒 ， 雪花 不飘 不 飘 ， 问 酒量 ， 请 看 大海 方向 。,11
喝 ！ 最 简单 表达方式 喝 ， 喝多 还 喝 ， 不醉 不 ！,11
阿鹏 小鸡鸡,11
喝 ！ 青岛 不倒 不 倒 ， 雪花 不飘 不 飘 ， 问 酒量 ， 请 看 大海 方向 。,11
喝 ！ 最 简单 表达方式 喝 ， 喝多 还 喝 ， 不醉 不 ！,11
唱 太 好听 ， 棒棒 哒 ！ call call ！,11
傻 ， 狗熊,11
9 块 9 包邮 送到 家,11
愿 开开心心 没 烦恼,11
请 ， 真的 爱 ， 请 接受 送给 开心 快乐 。,3
希望 都 开心 ， 记得 在乎 ， 希望 越来越 好 ， 爱 哒 ！,3
祝文红 越来越 大,11
祝魏 总魏 大哥 项城 朋友 ， 健康 快乐 哈哈哈哈 常来益 木堂 聚一聚,2
祝魏 总魏 大哥 项城 朋友 ， 健康 快乐 哈哈哈哈 常来益 木堂 聚一聚,2
祝 邮政 张 总 幸福,2
大海 弟弟 幸福,9
天 ， 唱歌 好好 听 ， 小 粉丝 ！ 哒 爱 ！,11
祝 赵 总 心情愉快 ！ ！,5
天 ， 唱歌 好好 听 ， 小 粉丝 ！ 哒 爱 ！,11
老铁 生日快乐 ， 祝 早日 帅过 吴彦祖 ， 富过 王思聪 ， 忘 兄弟 。,0
老铁 生日快乐 ， 祝 早日 帅过 吴彦祖 ， 富过 王思聪 ， 忘 兄弟 。,0
兄弟 ， 生日快乐 ， 社会 大哥 ， 人狠话 不 ， 十年 后 还要 嗨 ！,0
祝小耗 崽子 生日快乐,0
【 333 包厢 】 ： 祝 杨 总 鸡巴 越来越 大 ， 越来越 粗 ， 越来越 长,5
喝 ！ 青岛 不倒 不 倒 ， 雪花 不飘 不 飘 ， 问 酒量 ， 请 看 大海 方向 。,11
喝 ！ 最 简单 表达方式 喝 ， 喝多 还 喝 ， 不醉 不 ！,11
请 ， 真的 爱 ， 请 接受 送给 开心 快乐 。,3
祝愿 大闺女 平安 无疾 前程似锦 世界 温柔 以待 ， 生日快乐,0
祝 郑总喜 千金 ， 祝可儿 快乐 成长,10
祝 兄弟 生日快乐 ， 愿 兄弟 早日 住 豪宅 ， 开 跑车 ， 迎娶 白富 美 ！,0
方哥 生日快乐,0
钱 多多 ， 生日快乐 ， 永远 18 岁,0
一哥 嫂子 ， 新婚 快乐 ， 幸福美满 ， 和和美美,9
小学 童年 时光 一去不复返 ， 日子 同学 友谊 天长地久,1
请 ， 真的 爱 ， 请 接受 送给 开心 快乐 。,3
大姐 威武 霸气 ， 太 好听,11
giaogiaogiao,11
【 666 包厢 】 ： 祝 白云山 精油 大卖 ， 祝 团队 蒸蒸日上,2
白 胖子 ， 喝不醉,11
小蕾蕾 ， 勇 哥哥 永远 爱 ！,3
【 502 包厢 】 ： 唱 太 好听 ， 棒棒 哒 ！ call call ！,11
祝 彭 老师 生日快乐 ！,0
刚刚 生日快乐,0
【 V01 包厢 】 ： 祝欢姐 生日快乐,0
祝小耗 崽子 生日快乐,0
祝小葛 生龙活虎 越活 越 年轻,11
祝好 姐妹 生日快乐 ， 天天 十八 ， 月 月 好运 ， 年 年 发财 。,0
【 包厢 】 ： 表叔 祝你快乐 不止 生日,0
王家 平安 ！ 曾家 评安 ！ 陈家 平安 ！ 祝 暑假 快乐 ！ 全家 平安 ！,6
祝 兄弟 胡小刚 生日快乐,0
爱 ， RXD !,3
老婆 生日快乐,0
111,11
祝 丫丫 姐 生日快乐 ， 永远 年轻,0
喝 ！ 最 简单 表达方式 喝 ， 喝多 还 喝 ， 不醉 不 ！,11
王君鹏 生日快乐,0
祝小 姐妹 生日快乐 ， 永远 年轻漂亮 ， 幸福 满满 。,0
祝 老弟 ， 佳弟 ， 凯弟 ， 永远 幸福 ， 永远快乐 ， 大哥 祝福 ， 希望 永远 快快乐乐,6
喝 ！ 最 简单 表达方式 喝 ， 喝多 还 喝 ， 不醉 不 ！,11
不 秃子 搞醉 不归家,11
老铁 生日快乐 ， 祝 早日 帅过 吴彦祖 ， 富过 王思聪 ， 忘 兄弟 。,0
杨玉梅 小 仙女 生日快乐 ， 永远 20 岁 ， 爱,0
希望 都 开心 ， 记得 在乎 ， 希望 越来越 好 ， 爱 哒 ！,3
唱 太 好听 ， 棒棒 哒 ！ call call ！,0
鑫 生日快乐,0
小俊 ， 祝 生日快乐 ， 永远 健康,0
祝温平 李 志强 百年好合,9
还 KTV,11
【 包厢 】 ： 表叔 祝你快乐 不止 生日,0
天 ， 唱歌 好好 听 ， 小 粉丝 ！ 哒 爱 ！,11
【 210 包厢 】 ： 祝 瞳哥 生日快乐 ， 性福 高潮,0
狗哥 感情 天 … … 友谊 万岁,4
兄弟 齐心 ， 齐力 断金 ！,4
遇见 福分 ， 爱上你 福气 ， 希望 看 明白 心意 ， 辉哥 ， 我爱你 。,3
老铁 生日快乐 ， 祝 早日 帅过 吴彦祖 ， 富过 王思聪 ， 忘 兄弟 。,0
祝阿陂 生日快乐 ！,0
唱 好 ！ 赏酒 两杯 ！,11
我爱你 ， 刚 哥哥 ， 愿 永远 都 好 ， 平安 ， 健康 ， 开心 ， 快乐 ！,3
祝汪 总 生日快乐 ， 永远 十八 一枝花 ， 开心 。,0
我爱你 这份 感情 当做 赌注 ， 身上 堵 ， 这辈子 都 输 。,3
祝 魏爷 生日快乐,0
出狱 后 改变,11
希望 都 开心 ， 记得 在乎 ， 希望 越来越 好 ， 爱 哒 ！,3
祝 丫丫 生日快乐 ， 天天 十八 ， 月 月 好运 ， 年 年 发财 。,0
祝 小两口 ， 新婚燕尔 ， 喜成 连理 ， 举岸 齐眉 ， 龙腾 凤翔 ， 天赐良缘 ， 百年好合 ， 生 一对 龙凤胎,9
祝好 姐妹 生日快乐 ， 天天 十八 ， 月 月 好运 ， 年 年 发财 。,0
祝 美女 瑶瑶 生日快乐,0
！ 原唱 还 好听 ， 再 一首 ， 再 一首 ！,11
【 111 包厢 】 ： 祝梁 总监 ， 生日快乐 。 英俊潇洒 ， 花见 花开 ， 车见车 爆胎 。,0
祝 兄弟 生日快乐 ， 愿 兄弟 早日 住 豪宅 ， 开 跑车 ， 迎娶 白富 美 ！,0
最 亲爱 龙哥 ， 提前 祝 龙哥 生日快乐 ！,0
【 611 包厢 】 ： 依依 ， 希望 都 开心 ， 记得 在乎 ， 希望 越来越 好 ， 爱 哒 ！,3
老大 生日快乐 ， 三哥 ， 四哥 玩 开心 ， 陈总 ， 步步高升 ！,0
祝 兄弟 生日快乐 ， 愿 兄弟 早日 住 豪宅 ， 开 跑车 ， 迎娶 白富 美 ！,0
【 包厢 】 ： 喝 ！ 最 简单 表达方式 喝 ， 喝多 还 喝 ， 不醉 不 ！,11
难听,11
祝萱 萱 生日快乐 ， 学习 ， 健康 快乐,0
祝妹 纸 生日快乐 ， 天天 十八 ， 月 月 好运 ， 年 年 发财 。,0
祝 刘超 不再 过节 ， 老大不小 ， 赶紧 创造 小超超,7
希望 友谊 天长地久 ， 一个 比早 死,4
喝 ！ 青岛 不倒 不 倒 ， 雪花 不飘 不 飘 ， 问 酒量 ， 请 看 大海 方向 。,11
祝 梅子 生日快乐 ， 永远 十八 一枝花 ， 开心 。,0
芯宝 唯一,3
斌 哥 ， 浩哥 ， 凯哥 ， 雨哥 ， 陈哥 ， 洋弟 ， 兄弟 一辈子,4
海卿 ， 生日快乐,0
【 218 包厢 】 ： 祝梁 小金 覃炳行 早生贵子 ， 天天 快乐,9
祝 妹子 生日快乐 ， 永远 十八 一枝花 ， 开心 。,0
唱 太 好听 ， 棒棒 哒 ！ call call ！,11
祝 ， 派对 星球 朱 董事长 杨 总 生意兴隆,2
祝 老姐 ， 李薇 ， 李宇 永远 十八岁 ， 天天 开兴 快乐 ， 越来越 美丽 ， 漂亮 ！ ！ ！ ！,0
【 316 包厢 】 ： 祝贺 牛哥 终于 毕业,1
孙玲玉 我爱你 我爱你 我爱你 我爱你 我爱你 我爱你 ， 强子 大哥 张 五刀,3
唱 漂亮,11
祝小 姐妹 生日快乐 ， 永远 年轻漂亮 ， 幸福 满满 。,0
宋建熊 ， 生日快乐,0
婉婷 生日快乐 希望 快乐 真的 快乐,0
祝 做 ， 天天 做 新郎 。 夜夜 换 新娘,11
加油 ！ 呢子,11
天 ， 唱歌 好好 听 ， 小 粉丝 ！ 哒 爱 ！,11
遇见 福分 ， 爱上你 福气 ， 希望 看 明白 心意 ， 我爱你 。,3
祝 蔡敬 生日快乐 ！,0
婆娘 ， 生日快乐 永远 十八岁,0
聂琴 永远 爱,3
虎哥 ， 虎嫂 ， 永结同心,9
真 睡 … …,11
一路 安好,11
祝 长命百岁 ， 福如东海 长流水 ， 寿比南山 不老松 ！,8
牛 逼 牛 逼,11
祝 雨舟 蛋品 有限公司 艳姐 生意兴隆 ， 财源 广进 ， 大卖,2
王君鹏 生日快乐,0
刘女士 生日快乐 年 年 今日 岁 岁 今朝,0
老婆 生日快乐 快乐 生日快乐 生日快乐,0
老 吴 今晚 打炮,11
婆娘 ， 生日快乐 永远 十八岁,0
王 哥哥 永远 哥哥,5
喝 ！ 最 简单 表达方式 喝 ， 喝多 还 喝 ， 不醉 不 ！,11
【 包厢 】 ： 表叔 祝你快乐 不止 生日,0
平 ， 遇见 福分 ， 爱上你 福气 ， 希望 看 明白 心意 ， 我爱你 。,3
阿鹏 小鸡鸡,11
喝 ！ 最 简单 表达方式 喝 ， 喝多 还 喝 ， 不醉 不 ！,11
生日快乐,0
嘿嘿 嘿嘿,11
遇见 福分 ， 爱上你 福气 ， 希望 看 明白 心意 ， 我爱你 。,3
仙女 周 ， 生日快乐 ！,0
茹姐 ， 爱,3
何先生 ， 生日快乐,0
卧槽 ， 无情 ， 好 残忍 … …,11
？ ！,11
兄弟 生日快乐,0
偷 兄弟 ， 满月 快乐 ！,10
喝 ！ 嗨 喽 ， 大 咖好 ， 我系 渣 渣 灰 ， 系 兄弟 喝 死 ， 里 。,11
哒,11
老婆 生日快乐 ！ 老公 祝 天天开心 ！ 永远 漂亮 ！,0
刘女士 生日快乐 年 年 今日 岁 岁 今朝,0
刘女士 生日快乐 年 年 今日 岁 岁 今朝,0
廖玺铭 30 生日快乐 ！,0
祝冷哥 生日快乐 ， 愿冷哥 早日 住 豪宅 ， 开 跑车 ， 迎娶 白富 美 ！,0
祝 兄弟 友谊 天长地久,4
祝 陈 总 2020 年 生意 红红火火 ！,2
祝 陈 总 2020 年 生意 红红火火 ！,2
兄弟 百年 ！ ！ ！,4
老铁 生日快乐,0
燕无歇,11
【 9188 包厢 】 ： 不瞒 说 ， 在座 都 渣 渣 ， 哥带 不动,11
【 A805 包厢 】 ： 珍惜,11
祝 妈妈 生日快乐 ， 永远 年轻 生活 幸福美满 ， 永远 爱,0
干 完,11
祝 大华 杨 总 ： 生日快乐 ！ 身体健康 ！ 生意兴隆 ！ 合 心 合意 。,0
生日快乐 ， 社会 大哥 ， 人狠话 不 ， 十年 后 还要 嗨 ！,0
龙哥 生日快乐 ！,0
老铁 生日快乐 ， 祝 早日 帅过 吴彦祖 ， 富过 王思聪 ， 忘 兄弟 。,0
祝 马帮 兄弟 玩 开心 ！ ！,4
祝好 姐妹 生日快乐 ， 天天 十八 ， 月 月 好运 ， 年 年 发财 。,0
喝 ！ 嗨 喽 ， 大 咖好 ， 我系 渣 渣 灰 ， 系 兄弟 喝 死 ， 里 。,11
小王 生日快乐,0
祝 : 况 总 生日快乐 ， 平安 喜乐 ， 得偿 所愿 ， 深情 不负 ！,0
希望 都 开心 ， 记得 在乎 ， 希望 越来越 好 ， 爱 哒 ！ （ 诺 ）,3
胖子 牛 逼 上 好 声音 冠军 可想而知,11
【 包厢 】 祝靓坤生 曰 快乐 ， 早日 脱单 ！ 年 年 今日 ， 岁 岁 今朝,0
祝 ： 玄老八 生日快乐 天天 快乐,0
生日 江江,0
妙,11
祝程店 一路 长红 ， 年头 红到 年 尾 ， 昆山 八幡 扛 把子,5
都 送祝福 ， ， 兄弟 喝 好开心,4
！ 原唱 还 好听 ， 再 一首 ， 再 一首 ！,11
侧 脸 杀 俘虏 心,3
【 包厢 】 ： 祝福 ： 张 香香 ， 刘远美 ， 许华梅 ， 三 姐妹 一辈子 幸福 开心 ！,4
【 108 包厢 】 ： 祝晓宇 曹睿 有情人终成眷属,9
祝 兄弟 生日快乐 ， 愿 兄弟 早日 住 豪宅 ， 开 跑车 ， 迎娶 白富 美 ！,0
盖 ， 安排 ，,11
3RsN1Lxatsn,11
希望 都 开心 ， 记得 在乎 ， 希望 越来越 好 ， 爱 哒 ！,3
祝 老弟 喜 贵子 。,10
祝 生日快乐 ， 永远 十八 一枝花 ， 开心 。,0
石家庄 兄弟姐妹 开心,11
祝贺 康 ， 早日 生二胎,10
孙儿 岳嵋 生日快乐,0
鹏鹏 生日快乐,0
喝 ！ 最 简单 表达方式 喝 ， 喝多 还 喝 ， 不醉 不 ！ 五刀 哥 ， 包间 兄弟 回一,4
生日快乐,0
喝 ！ 最 简单 表达方式 喝 ， 喝多 还 喝 ， 不醉 不 ！ 五刀 哥 ， 包间 兄弟 回一,4
生日快乐,0
喝 ！ 最 简单 表达方式 喝 ， 喝多 还 喝 ， 不醉 不 ！,11
杨芳 ， 生日快乐,0
郝芳 若麟 真牛 逼,11
提前 祝 花花 14 号 生日 快 ， 永远 漂亮 ， 可爱 ， 年轻 ， 永远 18 岁 ！,0
二妮 ， 儿子 生日快乐,0
送给 发哥 （ 肖国发 ） ， 迟来 祝福 ， 生日快乐 ！,0
祝 妹子 生日快乐 ， 永远 十八 一枝花 ， 开心 。,0
【 包厢 】 ： 祝建 老表 生日快乐 心想事成 ， 事事 顺利 ！,0
永远 不说 再见,11
生日快乐 ， 永远 18 岁 无忧无虑,0
祝 兄弟 开心 一辈子,4
祝程店 ： 生日快乐 岁 岁 今朝 ， 年 年 今日,0
好 难听,11
祝 爸爸妈妈 恩恩爱爱 健健康康 ！ 祝 两位 阿姨 永远 年轻漂亮 ！ 祝 在场 所有人 一路发 发发 ！ ！ ！ 爱 ~,6
【 总统 15 包厢 】 ： 祝 兄弟 生日快乐 ， 愿 兄弟 早日 住 豪宅 ， 开 跑车 ！,0
【 包厢 】 ： 811 祝 : 陈仿 生日快乐 ！ 感谢 一年 包容 陪伴 ！ 希望 岁月,0
希望 都 开心 ， 记得 在乎 ， 希望 越来越 好 ， 爱 哒 ！,3
兄弟 一辈子,4
祝张 总 生日快乐 妞越 泡 越 身体 倍 棒 一夜 七次 郎 ！ 加油 ( _ ),0
祝 好 兄弟 卢 弟妹 新婚 快乐 百年好合 白头偕老,9
祝来 星格纯 K 朋友 天天开心 ！,4
3RsN1Lxatsn,11
感谢 胜哥 今晚 骚气 演唱 ， 天上人间 已成 往事 ， 胜哥 骚声 永远 留在 山东 。 波昂 棒,4
唱 太 好听 ， 棒棒 哒 ！ call call ！,11
祝 李 总 ， 孙总 ， 王总 生意兴隆 ， 扬起 合作 帆 ， 走向 成功 明天 ！,2
茹姐 ， 爱,3
阿爸 心声,11
唱 太 好听 ， 棒棒 哒 ！ call call ！,11
茹姐 ， 爱,3
祝 兄弟 生日快乐 ， 愿 兄弟 早日 住 豪宅 ， 开 跑车 ， 迎娶 白富 美 ！,0
遇见 福分 ， 爱上你 福气 ， 希望 看 明白 心意 ， 我爱你 。,3
老铁 生日快乐 ， 祝 早日 帅过 吴彦祖 ， 富过 王思聪 ， 忘 兄弟 。 宴成,0
祝福 项城 魏 总 越来越 好 ！ 一切都是 安排 ！ 感谢 相遇 ！ 唱歌 喝酒 ！ ！,2
祝黔朋 醉酒 业 有限公司 生意兴隆 财源滚滚,2
霍弟 ， 大哥 祝 生日快乐,0
牛逼客 斯拉,11
祝梅 小 姐妹 生日快乐 ， 永远 年轻漂亮 ， 幸福 满满 。 诺兰 贝儿 ， 阳光 宝贝 ， 快乐 童年 ， 童装 大卖,0
"包容 、 理解 、 支持 , 全 我爱你",3
祝 小姐姐 生日快乐 ， 永远 年轻漂亮 ， 幸福 满满 。 年 年 今朝 岁 岁 都 18,0
！ 原唱 还 好听 ， 再 一首 ， 再 一首 ！,11
唱 太 好听 ， 棒棒 哒 ！ call call ！,11
孙儿 岳嵋 生日快乐 补办,0
派出所 门口 男人,11
老铁 生日快乐 ， 祝 早日 帅过 吴彦祖 ， 富过 王思聪 ， 忘 兄弟 。,0
翠花 ILOVEYOU,3
祝 兄弟 生日快乐 ， 愿 兄弟 早日 住 豪宅 ， 开 跑车 ， 迎娶 白富 美 ！,0
老婆 希望 往后 余生 心情 开朗 ， 老公 希望 开心 快乐 ， 风风雨雨 走 ， 真的 祝,6
祝豪哥 生日快乐 ， 越来越 帅 ！ ！ ！,0
祝创 生日快乐 永远 健康,0
宝哥 生日快乐 ！,0
大 蒙城 合肥 美希 整形医院 严总来 蒙城 视察工作,2
【 V09 包厢 】 ： 刘师 ， 歌声 好 ， 攒劲 ， 。,11
祝王雨 生日快乐 岁 岁 今朝 ！ ！ ！,0
海军 祝吻 得福 107 中餐厅 ， 生意 越来越 好 ， 蒸蒸日上 ， 祝王 总年 年 今日 ， 岁 岁 今朝 ！,2
【 K52 包厢 】 ： 喝 ！ 最 简单 表达方式 喝 ， 喝多 还 喝 ， 不醉 不 ！,11
中山 珠海 D 兄弟 光临 顺德 . … 兄弟 身体健康 ， 万事如意 … …,2
【 12 包厢 】 ： 祝朱 建军 新婚 快乐,9
大寿 快乐 一夜 暴富 社会 李,10
大寿 快乐 一夜 暴富 社会 李,10
爱 孙莲香,3
最美 熊,11
祝石 总 生意兴隆 . 笑 寒祝 。,2
【 108 包厢 】 ： 祝王熙 、 罗安瑾 、 王潇航 早日 找到 心仪 另一半,7
【 包厢 】 ： ！ 原唱 还 好听 ， 再 一首 ， 再 一首 ！,11
伟哥 ， 生日快乐 ， 这妹 纸 生日快乐,0
祝 李少 生日快乐 ， 愿 兄弟 早日 住 豪宅 ， 开 跑车 ， 迎娶 白富 美 ！ ，,0
兄弟 ， 生日快乐 ， 社会 大哥 ， 人狠话 不 ， 十年 后 还要 嗨 ！,0
尽情 玩 今晚 黄 公子 买单,11
兄弟 ， 生日快乐 ， 社会 大哥 ， 人狠话 不 ， 十年 后 还要 嗨 ！,0
希望 都 开心 ， 记得 在乎 ， 希望 越来越 好 ， 爱 哒 ！ 红云 宝贝,3
【 K10 包厢 】 ： 祝 友谊 长久 友谊 长久,4
玫瑰 姐 生日快乐 ， 永远 18,0
祝 业绩 达标 ， 事事如意 ， 奋斗 ， 兄弟 同心 ， 其利断金 ！ 祝福 ！,5
晚上 一个 找到,11
仙女 周 ， 生日快乐,0
大 宝贝 爸爸 永远 爱 愿 生活 开心 快乐 爱 爸爸,6
祝 小姐姐 生日快乐 ， 永远 年轻漂亮 ， 幸福 满满 。 年 年 今朝 岁 岁 都 18,0
祝 亲爱 娴 生日快乐 永远 青春 美丽,0
小林子 ！,11
阿乔 大叔 ， 爱 哒,3
【 K10 包厢 】 ： 祝贺 总 友谊 长久 友谊 长久,4
生日快乐,0
！ 原唱 还 好听 ， 再 一首 ， 再 一首 ！,11
牛 掰 牛 掰,11
生日 如期而至 ， 生日快乐,0
大佬 级别,11
永远 港湾 ， 永远 爱 。 祝您 笑口常开 ， 越活 越 年轻 ， 开开心心 ！,8
感谢 刘轶 总 骚气 歌声 ， 山东 带来 德 祝福 ， 感谢 刘轶 总 ， 骚骚骚,2
苗氏 集团 苗 总,2
表妹 歌儿 唱 太好了,6
祝 家 婷婷 生日快乐 天天开心 身体健康 暴富 幸福 ， 爱 闺蜜 阳阳,0
兄弟 ， 生日快乐 ， 社会 大哥 ， 人狠话 不 ， 十年 后 还要 嗨 ！,0
喝 ！ 青岛 不倒 不 倒 ， 雪花 不飘 不 飘 ， 问 酒量 ， 请 看 大海 方向 。,11
【 备用 包厢 】 ： 请 ， 真的 爱 ， 请 接受 送给 开心 快乐 。,3
哥哥 好,11
遇见 福分 ， 爱上你 福气 ， 希望 看 明白 心意 ， 我爱你 。,3
祝 兄弟 张海 生日快乐 ， 愿 兄弟 早日 住 豪宅 ， 开 跑车 ， 迎娶 白富 美 ！,0
遇见 福分 ， 爱上你 福气 ， 希望 看 明白 心意 ， 我爱你 。,3
大炮 生日快乐,0
祝 兄弟 生日快乐 ， 愿 兄弟 早日 住 豪宅 ， 开 跑车 ， 迎娶 白富 美 ！,0
天 ， 唱歌 好好 听 ， 小 粉丝 ！ 哒 爱 ！,11
【 K15 包厢 】 ： 喝 ！ 嗨 喽 ， 大 咖好 ， 我系 渣 渣 灰 ， 系 兄弟 喝 死 ， 里 。,11
喝 ！ 嗨 喽 ， 大 咖好 ， 我系 渣 渣 灰 ， 系 兄弟 喝 死 ， 里 。,11
祝若依 生日快乐 ！ 天天开心 ！ ！,0
祝 兄弟 张海 生日快乐 ， 愿 兄弟 早日 住 豪宅 ， 开 跑车 ， 迎娶 白富 美 ！,0
祝 周雨 绮 小姐 生日快乐 ， 永远 年轻漂亮 ， 幸福 满满 ！,0
喝醉 ？,11
遇见 福分 ， 爱上你 福气 ， 希望 看 明白 心意 ， 我爱你 。,3
生日快乐,0
祝辉哥 生日快乐 ， 愿 兄弟 身体健康 ， 早日 迎娶 女朋友,0
祝 兄弟 生日快乐 ， 愿 兄弟 早日 住 豪宅 ， 开 跑车 ， 迎娶 白富 美 ！,0
愿牛得彪 律师 长盛不衰 ！,11
祝肖泽仕 生日快乐 越长越 帅,0
唱 太 好听 ， 棒棒 哒 ！ call call ！,11
凯强 ， 生日快乐 ， 想 ？ 都 弟弟,0
天 ， 唱歌 好好 听 ， 小 粉丝 ！ 哒 爱 ！,11
祝 事业 长虹 ， 业绩 翻番 ， 荷包 满满 ， 未来 都 上 想要 日子 ！ 感谢 郭总郑 总 俞 总,5
兄弟 ， 生日快乐 ， 夜夜 高潮,0
老铁 生日快乐 ， 祝 早日 帅过 吴彦祖 ， 富过 王思聪 ， 忘 兄弟 。,0
奥雷,11
阳妹 ， 忘 烦恼 。 干 完,11
祝 老板 ， 生意兴隆 ， 一本万利 ， 飞黄腾达 ， 好事 ， 财源滚滚 ！,2
生日快乐 ， 永远 18,0
洋哥 生日快乐,0
【 v15 包厢 】 ： 生日快乐 舅妈,0
祝 两位 新人 早日 步入 婚姻 殿堂,3
肥轩 生日快乐,0
喝 ！ 青岛 不倒 不 倒 ， 雪花 不飘 不 飘 ， 问 酒量 ， 请 看 大海 方向 。,11
喝 ！ 最 简单 表达方式 喝 ， 喝多 还 喝 ， 不醉 不 ！,11
生日快乐 ， 永远 18 岁,0
老铁 生日快乐 ， 祝 早日 帅过 吴彦祖 ， 富过 王思聪 ， 忘 兄弟 。,0
希望 都 开心 ， 记得 在乎 ， 希望 越来越 好 ， 爱 哒 ！,3
易 比特 三周年 快乐 ！ 永无止境 ！ 乘风破浪 ， 再 斩 佳绩 ！,10
黄启万 遇见 福分 ， 爱上你 福气 ， 希望 看 明白 心意 ， 我爱你 。,3
祝华锡 兄弟 生意兴隆 财源 广进 ， 祝轩 哥 万事如意 ！,2
祝快 科技 业绩 长虹 ！ 祝快 科技 家 健康 快乐 ， 阖家幸福 ！,5
遇见 福分 ， 爱上你 福气 ， 希望 看 明白 心意 ， 我爱你 。,3
Happybirthday 刘女士,0
祝张 总 生日快乐 身体 倍 棒 一夜 七次 郎妞约 泡 约 ！,0
爱,3
小 老妹 ， 永远 坚强 后盾 ， 哒,11
喝 ！ 嗨 喽 ， 大 咖好 ， 我系 渣 渣 灰 ， 系 兄弟 喝 死 ， 里 。,11
美女 爱 一万年,3
宝贝 爱,3
祝 妹子 生日快乐 ， 永远 十八 一枝花 ， 开心 。,0
祝 老板 ， 生意兴隆 ， 一本万利 ， 飞黄腾达 ， 好事 ， 财源滚滚 ！,2
祝石 总 生意兴隆 ， 郝弟 恭祝,2
慕尔如星 ， 愿守心 一人 ， 天光 乍破 ， 暮 雪白 头 。,3
喝 ！ 最 简单 表达方式 喝 ， 喝多 还 喝 ， 不醉 不 ！,11
老铁 生日快乐 ， 祝 早日 帅过 吴彦祖 ， 富过 王思聪 ， 忘 兄弟 。,0
唱 太 好听 ， 棒棒 哒 ！ call call ！,11
日子,3
兄弟 ， 生日快乐 ， 社会 大哥 ， 人狠话 不 ， 十年 后 还要 嗨 ！,0
大宇 天天开心 生日快乐,0
祝 表哥 生日快乐 霸屏,0
至少 唱 走 5 婆娘,11
兄弟 ， 生日快乐 ， 社会 大哥 ， 人狠话 不 ， 十年 后 还要 嗨 ！,0
祝 生日快乐,0
春夏 美女 生日快乐 永远 富婆,0
老铁 生日快乐 ， 祝 早日 帅过 吴彦祖 ， 富过 王思聪 ， 忘 兄弟 。,0
祝小 姐妹 生日快乐 ， 永远 年轻漂亮 ， 幸福 满满 。,0
！ 原唱 还 好听 ， 再 一首 ， 再 一首 ！,11
祝星格 越来越 好 ！ 祝 兄弟 天长地久 ！,5
祝 生日快乐 哈哈哈,0
玲 美女 ， 生日 爆乐 ！ ！ ！,0
生日快乐,0
汤相金 我爱你 ， 爱,3
邓倩云 憨 憨,11
不醉 不,11
赵若彤 生日快乐 不 几岁 ！ 快,0
祝紫怡 妹子 生日快乐,0
兄弟 ， 生日快乐 ， 社会 大哥 ， 人狠话 不 ， 十年 后 还要 嗨 ！,0
感谢 钱 多多 终于 满 十八岁 生日快乐,0
祝 兄弟 生日快乐 ， 愿 兄弟 早日 住 豪宅 ， 开 跑车 ， 迎娶 白富 美 ！,0
永远 爱 。 祝您 笑口常开 ， 越活 越 年轻 ， 开开心心 ！ 生日快乐 ， 老妈 ！ ！ ！,0
生日快乐,0
生日快乐 ， 永远 18,0
喝 ！ 青岛 不倒 不 倒 ， 雪花 不飘 不 飘 ， 问 酒量 ， 请 看 大海 方向 。,11
慧姐 生日快乐 。 今晚 最红 系 。,0
世界 人生 才 活得 无限 精彩 ！ 今生 唯一 甘愿 付出,3
萌萌 生日快乐,0
生日快乐,0
祝 老板 生日快乐 ， 再 赚 二十个 亿,0
唱 太 好听 ， 棒棒 哒 ！ call call ！,11
易 比特 三周年 快乐 ！ 永无止境 ！ 乘风破浪 ， 再 斩 佳绩 ！ 希望 开心 快乐 ， 发财 ！,10
祝 姐姐 生日快乐,0
花 开 如意 富贵 吉祥 生日快乐 .,0
小莲祝 ： 梦晖 生日快乐,0
喝 ！ 最 简单 表达方式 喝 ， 喝多 还 喝 ， 不醉 不 ！,11
邓 伯伯 生日快乐 ！ 家庭幸福 ！,0
兄弟 ， 生日快乐 ， 社会 大哥 ， 人狠话 不 ， 十年 后 还要 嗨 ！,0
祝刚哥 生日快乐 ， 幸福 安康 ， 心想事成,0
祝谢 鹏飞 刘雨楠 百年好合 早生贵子,9
【 K21 包厢 】 ： 天 ， 唱歌 好好 听 ， 小 粉丝 ！ 哒 爱 ！,11
君住 长江 头 ， 我住 长江 尾 。 日日 思 君不见 君 ， 共饮 长江 水 。 我爱你,3
值此 幸福 时刻 来临 之际 欢声笑语 中 迎来 拼 点点 人生 中 一刻 祝 两位 新人 新婚 快乐 幸福 永久,9
未来 遥远 ， 成长 路上 ； 相逢 ， 永远 朋友 。 友谊 地久天长 ！,1
祝 妹子 生日快乐 ， 永远 十八 一枝花 ， 开心 。,0
祝 妈妈 生日快乐,0
祝 郑杰 ！ ！ ！ 生日快乐 ， 天天 十八 ， 月 月 好运 ， 年 年 发财 。,0
祝 文豪 兄弟 生日快乐 ， 愿 兄弟 早日 住 豪宅 ， 开 跑车 ， 迎娶 白富 美 ！,0
祝好 姐妹 生日快乐 ， 天天 十八 ， 月 月 好运 ， 年 年 发财 。,0
祝 霍弟 21 生日快乐 ， 单身 帅哥 相中 K023 包厢,0
单身 骄傲,7
大 猪蹄,11
美美 我爱你,3
生日快乐 ， 永远 年轻,0
祝好 姐妹 生日快乐 ， 天天 十八 ， 月 月 好运 ， 年 年 发财 。,0
祝愿 华总 事业 蒸蒸日上,2
喔 喔,11
芯宝 唯一,3
祝 祖 生日快乐 ， 愿 以梦为 马 ， 聘 天下 ， 不负 韶华 不负 卿,0
成长 不期而遇 生日 如期而至 生日快乐,0
祝 老板娘 生日快乐 ， 事业 发发发,0
亲爱 哒 ， 生日快乐 ， 陪伴 日子 平凡 浪漫 ， 愿 余生 长长的 路 慢慢 走,0
亲爱 ， 太多 华丽 祝福语 ， 深情 不及 久伴 ， 厚爱 无需 多言 ， 简单 一句 老婆 ， 生日快乐,0
请 ， 真的 爱 ， 请 接受 送给 开心 快乐 。,3
洋哥 生日快乐,0
毛 冰冰 会 世界 上 最 安全感 受 一点 委屈 会 当个 小孩 宠 爱,3
吴总 生日快乐,0
祝丁 总 ， 生意 蒸蒸日上 ， 红红火火 ， 一帆风顺 ， 做 大 做 强 再创 辉煌 ！,2
祝陶 总局 心想事成 ！ 祝 甄局 越来越 漂亮 ！ 愿米 总像 爱惜 曹总 珍惜 ！,5
老铁 生日快乐 ， 祝 早日 帅过 吴彦祖 ， 富过 王思聪 ， 忘 兄弟 。,0
喝 ！ 嗨 喽 ， 大 咖好 ， 我系 渣 渣 灰 ， 系 兄弟 喝 死 ， 里 。,11
领导 生日快乐 ， 祝 早日 帅过 吴彦祖 ， 富过 王思聪 ， 忘 兄弟 。 邢雷 经理,0
老 男人 生日快乐,0
请 ， 真的 爱 ， 请 接受 送给 开心 快乐 。,3
祝 妹子 生日快乐 ， 永远 十八 一枝花 ， 开心 。,0
喝 ！ 青岛 不倒 不 倒 ， 雪花 不飘 不 飘 ， 问 酒量 ， 请 看 大海 方向 。,11
生日快乐,0
王敏 透 好 几瓶 开心 点 体谅 不到 心情 错 只 想 说 想 一辈子,3
遇见 福分 ， 爱上你 福气 ， 希望 看 明白 心意 ， 我爱你 。,3
老公 我爱你 哒,3
祝 明亮 哥 单身 帅哥 相中 K032 包厢 打包带 走 ， 随时 陪夜 ， 免费,7
祝 老板 ， 身体健康 ， 生意兴隆 ， 财源滚滚 。 事业 事事 ， 打牌 场场 蠃 ！,2
未来 遥远 ， 成长 路上 ； 相逢 ， 永远 朋友 。 友谊 地久天长 ！,1
贺康 同志 ， 越健 生涯 ， 共同努力 ， 共同进步 ， 好 兄弟 一辈子,5
【 大厅 】 ： 思思 友谊 长存 ， 七老八十 还要 美在,1
祝 老板 ， 身体健康 ， 生意兴隆 ， 财源滚滚 。 事业 事事 ， 打牌 场场 蠃 ！,2
今日 ， 更好 相遇 ， 毕业 快乐 ， 前程似锦 。,1
祝侄 仔 喜结良缘 ， 美满幸福,9
考研 顺利 ， 万事 胜意 ！ ！ ！,1
距离 远近 ， 牵挂 总在 心怀 ； 离别 长短 ， 友谊 必将 永恒 ； 相伴 ， 祝福 总在 身边 。 愿 万事如意 ， 健康 常在 ！,1
考研 顺利 ， 万事 胜意 ！ ！ ！,1
祝 永远 单身,7
一辈子 ， 一家人 ， 只为 做 一件 事 。 小孟 农家菜 越来越 好 ， 蒸蒸日上 。,6
祝 老板 ， 身体健康 ， 生意兴隆 ， 财源滚滚 。 事业 事事 ， 打牌 场场 蠃 ！,2
时光 不老 ， 不 散 ！ 感谢 年华 遇见 ， 多年 后 如今 。 友谊 长存 ！,1
【 包厢 】 ： 公 9 史小飞 分手 快乐,7
【 t09888 包厢 】 ： 陶籽祝 老总 ^ _ ^ 事事 顺心 。 阖家幸福,5
【 VIP01 包厢 】 ： 祝双捷 服务部 扭转颓势 ， 逆流而上,5
舅舅 舅妈 永远 恩爱,6
祝 我媛 越来越 好 ， 二哥 二嫂 顺心 顺意 ！,6
祝挞柠 越做越 旺,5
恭喜 安哥 喜 千金 大 小姐 。,10
时光 不老 ， 不 散 ！ 感谢 年华 遇见 ， 多年 后 如今 。 友谊 长存 ！,1
未来 遥远 ， 成长 路上 ； 相逢 ， 永远 朋友 。 友谊 地久天长 ！,1
老总 生意兴隆 ！ 财源 广进 ！,2
祝 大姐 大姐夫 婚姻 美满 。 二哥 二嫂 （ 许建鹏 ） 早日 美满,9
祝福 ： 刘帅良 刘 总 ！ 万事如意 ， 事事 顺心 ， 亨通 利达 ， 亿万富翁 ！,5
树兜 快乐 男生 刘朝星 新婚 快乐 ！,9
愿 老公 ： 代宏强 事业 步步高升 ， 身体健康 ， 爱 如初,6
祝 张强 ， 雅雯 幸福美满,3
铁馆 健身 第一 街区 店 、 抚河 桥店 全体 员工 业绩 大发 财源滚滚,2
【 V11 包厢 】 ： 人潮 人 海 ， 感恩 一路 。 好 朋友 ， 一辈子 ！ 今晚 嗨 皮到 天亮 ， 没 毛病 ！,4
冉 宝宝 。 好好 ， 宛宛 、 子豪 . 王哥 ， 友谊 长存,4
亲亲 老婆 ， 爱,6
王队长 ， 单位 两个 美女 不见,5
祝 好 兄弟 ， 王鹏 ， 杨禹康 ， 黄淑翔 ， 车赞赞 ， 李广 宇 ， 范齐海 ， 社会 道路 上 ， 一路 长虹 ， 牛 逼,4
今日 ， 更好 相遇 ， 毕业 快乐 ， 前程似锦 。,1
时光 不老 ， 不 散 ！ 感谢 年华 遇见 ， 多年 后 如今 。 友谊 长存 ！,1
祝 京华 牙科医院 生意兴隆 财源滚滚,2
恭喜 涛 喜提 宝马,10
祝 外婆 三姨五姨小 娘姨 ！ 二姨 身体健康 ！ 一辈子 幸福,6
恭喜 燕景 喜迎 万元 大单,5
祝 郑鑫 坤 李莎 新婚 快乐 。 白头偕老 。,9
祝珊珊 ， 幸福美满,11
友谊 长存,1
蛋 总像个 憨批,5
祝天奇 装饰 、 京城 二手车 生意兴隆 、 越来越 好 ！,2
【 603 包厢 】 ： 祝 李 总 生意兴隆,2
恭喜 张燕 妹妹 ， 驾照 生平,10
祝 亲家母 越长越 漂亮 永远 开心,6
卢总 手气 杠杠 ！,5
祝双王 （ 王骏 、 王希 ） 同心 ， 百年好合 ！ ！ ！,9
【 vip8888 包厢 】 ： 亲爱 ， 相濡以沫 ， 不离 不弃 ， 哒,3
恭喜 燕景 喜迎 万元 单,5
祝 哥哥 嫂嫂 永远 幸福,6
祝 ： 哥哥 嫂嫂 开心 ！,6
祝天奇 装饰 、 京城 二手车 生意兴隆 、 越来越 好 ！,2
周静 我爱你,3
时光 不老 ， 不 散 ！ 感谢 年华 遇见 ， 多年 后 如今 。 友谊 长存 ！,1
猪 朋友 开心 快乐 ， 事业有成 。,4
宝哥 生意兴隆 ， 兄弟 万事如意 ！,2
姚远 ， 张岩 ， 陆宇洲 ， 事业 长虹 ， 友谊 长存 。 鹏程万里 ！,5
【 柏林 包厢 】 ： 祝 陈 总 平步青云 宏图大展,5
朋友 情似 海深 ！,4
朋友 情似 海深 ！,4
祝 哥哥 嫂嫂 永远 幸福,6
初次 相遇 ， 称呼 最 ， 你好 ， 亲爱 ， 遇见 ， 这辈子 最 美好 事,3
祝贺 张公子 张嫂 喜得 干女儿 一枚 ！,10
未来 遥远 ， 成长 路上 ； 相逢 ， 永远 朋友 。 友谊 地久天长 ！,1
祝 刘总器 大活 好 ， 越来越 狗 ！,5
祝 下半年 心想事成 ， 财源滚滚 ， 天亚 传媒 再创 辉煌 ！,5
陆川 乃万 我爱你 哒 疯狂 call,3
时光 不老 ， 不 散 ！ 感谢 年华 遇见 ， 多年 后 如今 。 友谊 长存 ！,1
祝 刘总器 大活 好 ， 越来越 持久 ！,5
祝 老板 ， 生意 蒸蒸日上 ， 红红火火 ， 一帆风顺 ， 做 大 做 强 再创 辉煌 ！,5
老矮 牛 逼 ， 身体健康 ， 硬邦邦 ！ ！ ！ ？,8
祝愿 友谊 长存 松哥 nb ！,1
老婆 永远 爱,6
富景达 七部 生意 长虹 ， 多多 开单,5
祝 事业 长虹 ， 业绩 翻番 ， 荷包 满满 ， 未来 都 上 想要 日子 ！,5
时光 不老 ， 不 散 ！ 感谢 年华 遇见 ， 多年 后 如今 。 友谊 长存 ！,1
细弟 喜结良缘 ， 百年好合 兄弟 汪洋 祝上,9
啊哟 早生贵子,9
老公 我爱你,6
未来 遥远 ， 成长 路上 ； 相逢 ， 永远 朋友 。 友谊 地久天长 ！,1
老婆 有来生 爱,6
睿 睿 ， 我爱你,3
祝恒泰 金科 天天 爆单 ， 越来越 好,5
易阳 失恋 喝一杯,7
Shirley 祝涛 哥喜 提 宝马,10
希望 都 开心 ， 记得 在乎 ， 希望 越来越 好 ， 爱 哒 ！,3
祝 龙哥 步步高升 老板 越当 越大带 兄弟 飞黄腾达 安排,5
祝愿 最 爱 最 牵挂 妹妹 一生 幸福快乐,6
老子 结婚 随便 干 ！,9
时光 不老 ， 不 散 ！ 感谢 年华 遇见 ， 多年 后 如今 。 友谊 长存 ！,1
祝 朋友 家庭幸福 ， 身体健康,4
宝宝 ， 想要 美好 未来 ， 好 ， 只能,3
未来 遥远 ， 成长 路上 ； 相逢 ， 永远 朋友 。 友谊 地久天长 ！,1
榕城 店 越来越 好 ， 业绩 蒸蒸 日,2
祝 老板 ， 身体健康 ， 生意兴隆 ， 财源滚滚 。 事业 事事 ， 打牌 场场 蠃 ！,2
祝 老板 ， 身体健康 ， 生意兴隆 ， 财源滚滚 。 事业 事事 ， 打牌 场场 蠃 ！,2
祝 老板 ， 身体健康 ， 生意兴隆 ， 财源滚滚 。 事业 事事 ， 打牌 场场 蠃 ！,2
刘玉博 。 新婚 快乐 早生贵子 ！ 不生 一个 足球队 对不起 兄弟 。,9
祝 宀 豕 地产 开业 大吉 ， 业绩 长虹 。 多多 开单,5
愿 小 团队 永不 解散 ！ 大黄 ， 若晴 ， 兵哥,5
好 兄弟 一辈子,4
人潮 人 海 ， 感恩 一路 。 好 朋友 ， 一辈子 ！ 今晚 嗨 皮到 天亮 ， 没 毛病 ！,4
祝 妹夫 ， 妹妹 一家 一路顺风 ！,6
祝 小两口 ， 新婚 快乐 ， 百年好合 ， 早生贵子 ！ 幸福 ， 幸福 ！,9
祝 金峰 刘 董事长 ， 事业 长鸿 ， 永远 帅 ！ 常州 德唯斯 自动线 贺 ！,2
送给 美丽 婷婷 ， 祝愿 安好 ， 友谊 天长地久,1
祝蓝升 集团 营业额 两个 亿,2
送给 美丽 婷婷 ， 祝愿 安好 ， 友谊 天长地久,1
祝 明日 时尚 赛赛 老板娘 。 老板娘 ， 生意兴隆 ， 一本万利 ， 飞黄腾达 ， 好事 ， 财源滚滚 ！,2
祝 老板 ， 生意 蒸蒸日上 ， 红红火火 ， 一帆风顺 ， 做 大 做 强 再创 辉煌 ！,5
【 拉斯维加 包厢 】 ： 祝单 总和 玩 开心,5
祝 王子 建 嫂子 百年好合,9
刘老板 生意兴隆,2
祝 小两口 ， 新婚燕尔 ， 喜成 连理 ， 举岸 齐眉 ， 龙腾 凤翔 ， 天赐良缘 ， 百年好合 ， 生 一对 龙凤胎,9
未来 遥远 ， 成长 路上 ； 相逢 ， 永远 朋友 。 友谊 地久天长 ！,1
祝 小两口 ， 新婚燕尔 ， 喜成 连理 ， 举岸 齐眉 ， 龙腾 凤翔 ， 天赐良缘 ， 百年好合 ， 生 一对 龙凤胎,9
祝 事业 长虹 ， 业绩 翻番 ， 荷包 满满 ， 未来 都 上 想要 日子 ！,5
恭祝 ， 往后 福禄 天齐 ， 儿孙 孝顺 围 身旁 ； 荣华富贵 卧 福地 ， 人寿 年康 全家 安 ！,8
祝老 吴 李小东 百年好合,9
祝 业绩 达标 ， 事事如意 ， 奋斗 ， 兄弟 同心 ， 其利断金 ！ 祝福 ！,5
毕业 快乐 ， 时光 不老 不 散 ， 祝你们 未来 安好 ！,1
祝 香蕉 装饰 月 月 爆单 ， 冲刺 一千万 。 装修 质量 不行 人品 不行,5
祝武哥 解放路 二店 一年,5
2020 老板 生意兴隆 ， 雄起 兄弟,2
祝 业绩 达标 ， 事事如意 ， 奋斗 ， 兄弟 同心 ， 其利断金 ！ 祝福 ！,5
祝 新泰 店 开业 成功 ， 哥哥 弟弟 事业 腾达 。,2
祝 新泰 店 开业 成功 ， 哥哥 弟弟 事业 腾达 。,2
鹏鹏 单单 百年好合,9
祝 : 陈总 万事 兴旺 ， 赚 英镑 ！ 万事 顺心 ， 赚 美金 ！ 万事如意 ， 赚 人民币 ！ 赚钱 少 生气 。,5
幸福 一家,6
毛毛虫 吉娃娃 友谊 长存 ！ 会 越来越 好 …,1
未来 遥远 ， 成长 路上 ； 相逢 ， 永远 朋友 。 友谊 地久天长 ！,1
感谢 杨文锦 总 莅临 证圣 天成 张掖 分公司 指导 工作,2
未来 遥远 ， 成长 路上 ； 相逢 ， 永远 朋友 。 友谊 地久天长 ！,1
恭喜 兄弟 双喜临门 可喜可贺 早生贵子,9
祝 事业 长虹 ， 业绩 翻番 ， 荷包 满满 ， 未来 都 上 想要 日子 ！,5
祝涛 哥 厂长 ， 生意兴隆 ， 一本万利 ， 飞黄腾达 ， 好事 ， 财源滚滚 ！,2
祝娟姐 吉时 吉日 喜如风 丰年 丰月 如风 增争 富争 财争 长寿 寿山 寿海寿 长生 步步高升 好运,8
祝 胡闹 闹 岳兑 兑 有情人 天长地久 ！,3
祝铭瀚 广告 图文 生意兴隆 ， 东哥 物流 公司 日进斗金 ， 林林 二手车 一路 长红 。,2
时光 不老 ， 不 散 ！ 感谢 年华 遇见 ， 多年 后 如今 。 友谊 长存 ！,1
祝 俩 白头偕老,9
时光 不老 ， 不 散 ！ 感谢 年华 遇见 ， 多年 后 如今 。 友谊 长存 ！,1
时光 不老 ， 不 散 ！ 感谢 年华 遇见 ， 多年 后 如今 。 友谊 长存 ！,1
祝露姐 鑫 海事 事 顺利 业绩 高升,5
【 A13 包厢 】 ： 祝涛 哥 ， 嫂子 ， 恩恩爱爱 一生一世,6
祝 ； 北杨 烧烤 城 ， 孟 掌柜 羊 老大 金鼎 友谊 长存 ， 天天 今日 岁 岁 今朝,4
人生 苦短 ， 兄弟 相聚 缘份 ， 愿来 生来 世 兄弟 ！,4
【 V002 包厢 】 ： 祝 业绩 达标 ， 事事如意 ， 奋斗 ， 兄弟 同心 ， 其利断金 ！ 祝福 ！,5
敬爱 领导 ， 亲爱 朋友 ， 明天 革命 ， 继 努力,5
祝福 蒲 总 分手 快乐 永远快乐,7
祝 事业 长虹 ， 业绩 翻番 ， 荷包 满满 ， 未来 都 上 想要 日子 ！,5
分手 快乐,7
祝 老板 ， 生意兴隆 ， 一本万利 ， 飞黄腾达 ， 好事 ， 财源滚滚 ！,5
祝 事业 长虹 ， 业绩 翻番 ， 荷包 满满 ， 未来 都 上 想要 日子 ！,5
祝 事业 长虹 ， 业绩 翻番 ， 荷包 满满 ， 未来 都 上 想要 日子 ！,5
预祝 2020 年 劳谦 俱乐部 公园 联赛 圆满成功,2
祝 业绩 达标 ， 事事如意 ， 奋斗 ， 兄弟 同心 ， 其利断金 ！ 祝福 ！,5
老婆 我爱你 ， 我会 用尽 一生 力气 去 爱 去 守护,6
雷总 。 步步高升 。 天天开心 。 感谢 雷总 一路 带 兄弟姐妹 走过 点点滴滴,5
【 包厢 】 ： 毕业 快乐 ， 一部分 人 说 对不起 ， 一部分 人 说 谢谢 ， 一撮 人 再 聚 。,1
邓总 。 事事如意 挣 人民币 万事 顺心 挣 美金 万事 兴旺 赚 英镑 一句 话 。 挣钱 少 生气,5
祝 业绩 达标 ， 事事如意 ， 奋斗 ， 兄弟 同心 ， 其利断金 ！ 祝福 ！,5
我家 小梦 天天开心 . 男人 不缺,7
祝 小两口 ， 新婚燕尔 ， 喜成 连理 ， 举岸 齐眉 ， 龙腾 凤翔 ， 天赐良缘 ， 百年好合 ， 生 一对 龙凤胎,9
毕业 快乐 ， 一部分 人 说 对不起 ， 一部分 人 说 谢谢 ， 一撮 人 再 聚 。,1
毕业 快乐 ， 一部分 人 说 对不起 ， 一部分 人 说 谢谢 ， 一撮 人 再 聚 。,1
爱 呦 ！ 亲爱 老婆 ， 吵架 好不好,6
祝 业绩 达标 ， 事事如意 ， 奋斗 ， 兄弟 同心 ， 其利断金 ！ 祝福 ！,5
Lily 最美,11
毕业 快乐 ， 一部分 人 说 对不起 ， 一部分 人 说 谢谢 ， 一撮 人 再 聚 。,1
请 ， 真的 爱 ， 请 接受 送给 开心 快乐 。,3
【 V15 包厢 】 ： 毕业 快乐 ， 一部分 人 说 对不起 ， 一部分 人 说 谢谢 ， 一撮 人 再 聚 。,1
今日 ， 更好 相遇 ， 毕业 快乐 ， 前程似锦 。,1
谢奕婕 罗嘉琪 董敖游 诗煜 唐周 姝 刘 4 如肖颖付 刘婧怡 毕业 快乐 ！,1
孩儿 妈唱 好,6
程琳 珊 我爱你,3
恭祝 ， 丁财 兴旺 ， 福星高照 ， 五福临门 ！ 年 年 今日 ， 岁 岁 今朝 ， 福如东海 寿比南山 ！,10
祝 黄子涵 毕业 快乐 ！ 教师 生涯 顺风 顺水 ！,1
祝 中秋 老板 生意兴隆 财源 广进,5
祝单 楚桐 福如东海 ， 寿比南山 ， 长生不老 .,10
今日 ， 更好 相遇 ， 毕业 快乐 ， 前程似锦 。,1
【 V01 商中 包厢 】 ： 太 team jb 群团 建 快乐 ！,5
祝 事业 长虹 ， 业绩 翻番 ， 荷包 满满 ， 未来 都 上 想要 日子 ！,5
【 309 包厢 】 ： 毕业 快乐 ！ 高处 见 ！,1
毕业 快乐 ， 时光 不老 不 散 ， 祝你们 未来 安好 ！,1
分手 快乐,7
今日 ， 更好 相遇 ， 毕业 快乐 ， 前程似锦 。,1
今日 ， 更好 相遇 ， 毕业 快乐 ， 前程似锦 。,1
升学 快乐 ， 时光 不老 不 散 ， 祝你们 未来 安好 ！,1
祝 事业 长虹 ， 业绩 翻番 ， 荷包 满满 ， 未来 都 上 想要 日子 ！,5
陈忠发 陈 总和 石正芳石 总 ‘ 大美女 ， 康美来 。,5
【 A15 包厢 】 ： 人潮 人 海 ， 感恩 一路 。 好 朋友 ， 一辈子 ！ 今晚 嗨 皮到 天亮 ， 没 毛病 ！,4
毕业 快乐 ， 时光 不老 不 散 ， 祝你们 未来 安好 ！,1
祝 小两口 ， 新婚燕尔 ， 喜成 连理 ， 举岸 齐眉 ， 龙腾 凤翔 ， 天赐良缘 ， 百年好合 ， 生 一对 龙凤胎,9
祝贺 儿子 儿媳 甜蜜 一生,6
恭祝 ， 丁财 兴旺 ， 福星高照 ， 五福临门 ！ 年 年 今日 ， 岁 岁 今朝 ， 福如东海 寿比南山 ！,10
【 A8119 包厢 】 ： 今日 ， 更好 相遇 ， 毕业 快乐 ， 前程似锦 。,1
友谊 长存,4
祝 腾达 新婚 快乐,9
祝 老板 ， 身体健康 ， 生意兴隆 ， 财源滚滚 。 事业 事事 ， 打牌 场场 蠃 ！,2
毕业 快乐 ， 时光 不老 不 散 ， 祝你们 未来 安好 ！,1
祝 聪哥 分手 快乐,7
祝唐 哥哥 ， 陈 哥哥 两位 老板 ， 身体健康 ， 生意兴隆 ， 财源滚滚 。 事业 事事 ， 打牌 场场 蠃 ！,5
祝唐 哥哥 ， 陈 哥哥 两位 老板 ， 身体健康 ， 生意兴隆 ， 财源滚滚 。 事业 事事 ， 打牌 场场 蠃 ！,5
聪 分手 快乐,7
祝 业绩 达标 ， 事事如意 ， 奋斗 ， 兄弟 同心 ， 其利断金 ！ 祝福 ！,5
狗 逼 王乙茗 海南 祝狗 茗 同组 小伙伴 工资 暴涨 事事 顺利,5
好 弟兄 欢聚一堂 ， 今朝有酒今朝醉 ， 不醉 不 ！,4
【 A06 包厢 】 ： 97 届 七班 万岁 ！,1
大饼 大包 ， 恩恩爱爱 ， 长长 久久 ， 共浴 爱河 ！ 早点 生 宝宝 ， 早当 舅舅 大姨,6
未来 遥远 ， 成长 路上 ； 相逢 ， 永远 朋友 。 友谊 地久天长 ！,1
热烈欢迎 肖迪 ， 牛钰 同志 铜 视察 指导 工作 。,2
祝猪 宏远 姐姐 新婚 快乐,9
今日 ， 更好 相遇 ， 毕业 快乐 ， 前程似锦 。,1
祝黄 主任 步步高升,5
姨妈 ： 90 大寿 来临 之际 ， 会民 全家 恭祝 福如东海 、 寿比南山 ！ 生日快乐 、 平安 喜乐 ！,10
祝 事业 长虹 ， 业绩 翻番 ， 荷包 满满 ， 未来 都 上 想要 日子 ！,5
未来 遥远 ， 成长 路上 ； 相逢 ， 永远 朋友 。 友谊 地久天长 ！,1
亲爱 : 田苗 ， 请 真的 爱 ， 会用 余生 好好 呵护 爱 ， 绝不会 辜负 ， 爱 人 ， 月哥,3
人潮 人 海 ， 感恩 一路 。 好 朋友 ， 一辈子 ！ 今晚 嗨 皮到 天亮 ， 没 毛病 ！,4
祝 小两口 ， 新婚 快乐 ， 百年好合 ， 早生贵子 ！ 幸福 ， 幸福 ！,9
恭祝 ， 往后 福禄 天齐 ， 儿孙 孝顺 围 身旁 ； 荣华富贵 卧 福地 ， 人寿 年康 全家 安 ！,8
毕业 快乐 四中 17 级,1
毕业 快乐 ， 时光 不老 不 散 ， 祝你们 未来 安好 ！,1
今日 ， 更好 相遇 ， 毕业 快乐 ， 前程似锦 。,1
未来 遥远 ， 成长 路上 ； 相逢 ， 永远 朋友 。 友谊 地久天长 ！,1
书记 、 马 主任 到来,5
祝 我浩哥 分手 快乐 ！ 不缺 一个,7
毕业 快乐 ， 一部分 人 说 对不起 ， 一部分 人 说 谢谢 ， 一撮 人 再 聚 。,1
恭祝 ， 往后 福禄 天齐 ， 儿孙 孝顺 围 身旁 ； 荣华富贵 卧 福地 ， 人寿 年康 全家 安 ！,8
今日 ， 更好 相遇 ， 毕业 快乐 ， 前程似锦 ， 云南 驻 上海 办事处 早日 荣登 世界 500 强 ！,1
祝张 银 叔 2020 年 新婚 快乐 。,9
祝张 银 叔 2020 年 新婚 快乐 。,9
祝张 银 叔 2020 年 新婚 快乐 。,9
祝张 银 叔 2020 年 新婚 快乐 。,9
恭祝 ， 丁财 兴旺 ， 福星高照 ， 五福临门 ！ 年 年 今日 ， 岁 岁 今朝 ， 福如东海 寿比南山 ！,10
祝 业绩 达标 ， 事事如意 ， 奋斗 ， 兄弟 同心 ， 其利断金 ！ 祝福 ！,5
祝福 冰 哥哥 孩子 升学 宴 圆满成功,10
人见人爱 花见 花开 汤宁 福如东海 长流水 寿比南山 不老松,10
祝 老婆 永远 年轻 美丽,6
祝路 思琦 福如东海 寿比南山 .,10
毕业 快乐 ， 时光 不老 不 散 ， 祝你们 未来 安好 ！,1
祝 老同学 天天开心 ， 千杯不醉 ！,1
人潮 人 海 ， 感恩 一路 。 好 朋友 ， 一辈子 ！ 今晚 嗨 皮到 天亮 ， 没 毛病 ！,4
毕业 快乐 ， 一部分 人 说 对不起 ， 一部分 人 说 谢谢 ， 一撮 人 再 聚 。,1
分手 快乐,7
， 快点 脱单 ， 孤单,7
祝 老板 ， 生意兴隆 ， 一本万利 ， 飞黄腾达 ， 好事 ， 财源滚滚 ！,5
【 V03 包厢 】 ： 今日 ， 更好 相遇 ， 毕业 快乐 ， 前程似锦 。,1
祝 业绩 达标 ， 事事如意 ， 奋斗 ， 兄弟 同心 ， 其利断金 ！ 祝福 ！,5
祝 哥哥 嫂子 恩恩爱爱 不准 吵架,6
袁嘉荟 ， 老婆 相遇 144 天 ！ 我爱你 ！ 全场 唱友 见证 ， 祝福 ！ 爱 宝贝 ！ ！ 爱 一辈子 ！,3
开开心心 好 ， 祝 全家人 开心 幸福快乐,6
祝 M4 业绩 长虹,5
钱芳 分手 快乐,7
开开心心 好 ， 祝 全家人 开心 幸福快乐,6
涛哥 才子 菲菲 强强 帅起 ！ Lily 琼儿洁儿 沙沙 灿儿 美起 ！ 绿地 铂瑞 酒店 销售部 最棒,5
【 V252 包厢 】 ： 恭祝 ， 丁财 兴旺 ， 福星高照 ， 五福临门 ！ 年 年 今日 ， 岁 岁 今朝 ， 福如东海 寿比南山 ！,10
"愿 杨局 , 李总 工作 顺利 , 开心 快乐 .",5
miss 橙 ！ miss 橙 ！ miss 橙 ！ 告别 单身 好去处,7
芹 妹妹 ILoveYou,3
【 V777 包厢 】 ： 哥 ， 忒 牛 逼 ， 世界 都 ！,11
【 555 包厢 】 ： ： 南来北往 但愿 不 辜负 生活 不 迷失方向 不 往事 忧 只 愿 余生 笑,11
我爱你 臭臭,3
祝 生意 越做越 好 生意兴隆 ！ ！,2
祝云 州府 大卖,5
宁波 浩兴 房地产 销售 有限公司 ， 2020 万事大吉 。,2
祝 姐妹 都 告别 单身,7
祝 ： 苏哥 公主 升 大学 快乐 ， 苏哥 加油 再来一个,10
大鸟 倒 带 牛 逼 ， 恭喜 喜 千金,10
开心 好 ， 祝 家人 开心 快乐 ， 家庭 快快乐乐 ， 幸福美满 ...,6
茄子 : 歌声 甜美 ， 永远 乡长 最爱 女人,11
祝 闺女 小涵 涵 失恋 成功,7
【 V252 包厢 】 ： 恭祝 老爹 ， 丁财 兴旺 ， 福星高照 ， 五福临门 ！ 年 年 今日 ， 岁 岁 今朝 ， 福如东海 寿比南山 ！,10
祝 : 样品 团队 同仁 开心 幸福 ！,5
【 208 包房 包厢 】 祝 两 大于 总 ， 长兴 蒋总 生意兴隆 ， 天天开心 ：,2
猪 萱 儿 老弟 早日 脱单,7
帖 总 、 郎 总 话筒 交给 俩,5
祝粘哥 小 盼 嫂子 天天开心 、 幸福美满 祝 公司 事业 蒸蒸日上 ！ 天天 开单 ！ 0 风险 ！,2
王总 一行 莅临 咸宁 指导 工作 ， 祝 身体健康 ， 万事 胜意,2
【 K09999 包厢 】 ： 邓 公子 、 我爱你,3
【 111 包厢 】 ： 佳佳 ， 我爱你 ！,3
老板 生意兴隆 ， 财源滚滚,2
杨总牛 逼 ， 杨 总 万岁 友情 岁月 ， 撑,5
祝福 好 兄弟 ， 李宁 ， 开心 快乐 ， 永远 幸福 ， 生意 越来越 好 ， 越做越 大 。,4
星哥 ， 爱,3
【 208 包房 包厢 】 祝毛叔 生意兴隆 ， 天天 一柱擎天 ：,2
兄弟 唱 好 祝你们 越来越 好 钱 越来越,4
钟 老大 ， 喜欢 ！,3
赵金虎 喜欢,3
龙龙 爱 娜娜,3
爱 爱 ， 我要 ！ 停,3
小 胖胖 喜欢 呦,3
弯弯 璇 璇 永远 开心 幸福 闺蜜情 永存,4
祝 姑姑 生意兴隆 ， 永远 年轻漂亮 ， 幸福 满满 。,6
祝 两个 女儿 心想事成 。 工作 顺利 ， 万事如意,6
【 418 包厢 】 ： 祝 ： 赛 老板 提车 开心,10
辛苦 爸爸 ， 愿 身体健康 ， 天天开心,6
【 9903 包厢 】 ： 单总 生活 开心 ， 工作 顺利 ， 事业 再 上 一层楼 ！ 兰妹,5
祝愿 妹妹 党蓉 一生 幸福 平安 快乐 ， 天天 好 心情 ， 家人 身体健康 ， 事业 一路 顺达 。,6
祝 公司 老板 2020 年 开心 ， 身体健康 ， 万事如意 ！,2
祝 小可爱 年 年 喝 次 喝 嗨 。 友谊 长存 。 爱 呦 xinyao,4
爱 林琴,3
祝龙 尚品 ， 马辛子 ， 潘雪玲 ， 左璐璐 发财 ， 发财 ！ ！ ！,11
祝 隔壁 老王 生日快乐 ！ 事业 爱情 双丰收,9
兄弟 丁凯来 郴州 视察工作 ！,2
祝鸭哥 生活 事业 越来越 好 ， 祝 合作伙伴 朱 总 越来越,2
祝愿 K666 好 朋友 爱情 甜蜜 一切顺利 萌萌飒,4
诺诺 宝贝 我爱你,3
祝冲哥 添丁 发财 ， 阖家欢乐 ， 全家 身体健康 ， 生意兴隆,2
祝贺 各位朋友 兄弟姐妹 生体 健康 ， 入货 多多 ， 想 咪 咪 。,5
总 ， 袁总 ， 心情愉快 ， 身体健康,5
祝 领导 开心 快乐 步步高升,5
祝 前女友 。 越来越 丑 。 姨妈 一个月 ， 痛痛 一宿 。 噢 ！,11
亲爱 老婆 一辈子 不离 不弃,6
祝贺 各位朋友 兄弟姐妹 身体健康 ， 入货 多多 ， 想 咪 咪 。,5
祝 嫂嫂 永远 开心 快乐 ， 无忧无虑,6
祝 西港 全体同仁 业绩 飙升 ， 干 完 。 陈言,5
祝 李一然 分手 快乐 再也 遇不到 好 姑娘 人 洗衣服 没人 回家 没人 坐 副 驾,7
祝 女儿 干女儿 事业 妹 开开心心 ， 好 ， 爱,6
余生 ， 很 开心,3
祝福 小表妹 天天开心 ， 健健康康,6
祝 088 包厢 陈嘉 维和 宝贝 猪 久久 ！ 幸福 ！,3
祝鹏哥 喜得 千金 ， ， ，,10
祝 业绩 达标 ， 事事如意 ， 奋斗 ， 兄弟 同心 ， 其利断金 ！ 祝福 ！,5
祝福 : 妹妹 少萍 妹夫 坤祥 ， 新婚 快乐 ， 早生贵子 ， 白头偕老 ， 一生 幸福,9
【 包厢 】 ： 祝福 夏邑 老朋友 玩 开心 ， 开开心心 ！ ！ ！,8
最 亲爱 娟 单身 快乐 下 一个 会 更好,7
祝宏鹏 陶瓷 大家庭 事业 一切顺利 ！ 老子 牛 转盘 东北角,2
马涛 值得 拥有 偏爱 例外 男孩子 。 （ 杨迪留 ）,3
祝福 唯一 ， 问候 永恒 ， 思念 。 一生 相遇 ， 就算 再 伤痛 ，,3
往后 余生 ， 吃喝拉撒 都 陪 ！,3
姐 ， 姐夫 ， 乔姐 ， 明姐 ， 蒋总 婷婷 爱 ， 幸福 ， 挣 好多好多 钱 ， 身边 数不尽 美女 帅哥,6
【 a02 包厢 祝 老表 ， 心想事成 ， 日 赚 一个亿,4
往后 余生 ， 吃喝拉撒 都 陪 ！,3
8 月 超 ， 9 月 超 ， 10 月 超 ， 月 月 都 超 ！ 强 ， 强 ， 强 ， 都 强 ！ 祝 收入 都 万,5
水查 好 爱,3
祝 豹子 暗恋 小萍 二十年 ， 经厉 无数次 痛苦 相思 之苦 后 ， 金 宇宙 人 爱 …,3
最棒 兄弟 ， 最棒 老表 ！,4
唐 总 业务 繁忙,5
啸天 分手 快乐,7
方琪 中意,3
亲爱 幸福 友谊 万岁,4
祝熊 董事长 事业 兴旺发达,2
祝愿 傲凯 兄弟姐妹 ， 友谊 长存 ， 业绩 长虹 ， 步步高升,5
王梦茹 我爱你 谢谢 送 两个 小 仙童 【 C02 包厢 】 ：,3
周总祝 生意 越来越 红火 ， 祝 在场 朋友 2020 心想事成 万事如意,4
链家 唐镇 五店 ， 人人 开单 ， 兄弟姐妹 ， 努力 ， 行 ， 赢 ！,5
腾铭 领导 广西 ， 祝 广西 腾铭 越来越 好 ， 努力,2
祝张 漂亮 天天 新娘 夜夜 换 新郎,11
祝老曼 新婚 快乐 ， 永远 爱,9
爱,3
祝 ： 文山 跨越 公司 兄弟姐妹 ， 万事如意 ， 蒸蒸日上 ， 一家人 一条心 拼 赢 ！,2
永远 爱 。 宝贝,3
喜欢 ， 喜欢,3
祝福 挣大钱 祝福 仵彦龙 早日 成亲 早生贵子,11
祝好 兄弟 龙 天天开心 ！ 天天 快乐 ！ 手中 宝 ！ 发发 发发 发发 发发 发发 发发发,4
祝 兄弟姐妹 友谊 长存 ！ 爱 ！,4
【 C02 包厢 】 ： 李小兴 恭喜 科三 考试 成功,10
风吹日晒 ， 鄄城 天润府 付 老大 最帅 ！,5
祝 老板 ， 生意 蒸蒸日上 ， 红红火火 ， 一帆风顺 ， 做 大 做 强 再创 辉煌 ！,5
祝德佑九腾 地产 事业 长虹 ， 业绩 翻番 ， 荷包 满满 ， 未来 都 上 想要 日子 ！,5
祝 坐 一路 长虹 ， 越来越 好 ， 越做越 大 ， 加油 ， 奥利,5
今夜 星 光闪闪 ， 爱 心 满满,3
祝 ： 张 总 ， 李总 ， 刘总 ， 完事 顺心 。 小 刘敬上 ！ 铁别 陈 总 ！,5
海光 集团 刘总好,2
彪 总 十周年 纪念日 快乐,10
祝 亲爱 老公 幸 永远,6
祝 婷婷 美女 越长越 美丽 快乐,11
老公 我爱你,6
祝宏鹏 陶瓷 大家庭 事业 一切顺利 ！ 老子 牛 转盘 东北角 ！,5
祝 亲们 幸福,11
祝张 总 同学 开心 快乐 ， 发大财,1
天润府 团队 最 棒 ！ 爱,5
爱 一生不变,3
【 包厢 】 ： 祝 兄弟 国国 : 开开心心 、 快快乐乐 、 珍惜 当下 、 树欲静而风不止 ， 愿 万事如意 ， 心想事成 ！ ！ ！ 不醉 不 ！ ！ ！,4
… 喜欢 好久 做 女朋友 ？,3
我爱你 王 梦梦,3
祝 闺蜜 资产 亿 ， 单手 开 法拉利 ， 有情有义,4
君君 爱,3
感谢 深圳 华飞 通信 技术 集团公司 支持 ， 忠心 感谢 ！ 祝华飞 集团 生意兴隆 ！ 财源 广进 ！,2
爱 噢 老婆,6
祝 老板 ， 生意 蒸蒸日上 ， 红红火火 ， 一帆风顺 ， 做 大 做 强 再创 辉煌 ！,5
祝 业绩 达标 ， 事事如意 ， 奋斗 ， 兄弟 同心 ， 其利断金 ！ 祝福 ！,5
祝 金城 水汇 大吉大利 源海 更上一层楼,5
高晓雅 新婚 快乐 ！ ！,9
祝 抗局 越长越 高 ， 早日 结婚,7
祝福 栋哥 均 哥 益寿延年,8
兄弟 开心 ， 牛塘 兄弟 开心 快乐,4
段 总 威武 ， 有目共睹 ！,5
感谢 ， 兄弟,4
【 VIP03 包厢 】 ： ILOVEYOU 。 脸脸,3
辰杰 、 我爱你 En,3
祝骏兴 车行 ， 生意 蒸蒸日上 ， 红红火火 ， 一帆风顺 ， 做 大 做 强 再创 辉煌 ！,2
祝城云 建业 土石方 工程 有限公司 明天 会 更好 ！ 感谢 大 嶝 兄弟 支持 厚爱 ！,2
祝 两位 张 总 JJ 越来越 粗 ， 越来越 长 ！,5
祝 英斯 姐在 新 工作岗位 工作 顺利 、 桃李满天下 ！,5
祝城云 建业 土石方 工程 有限公司 明天 会 更好 ！ 感谢 大 嶝 兄弟 支持 厚爱 ！,2
【 K52 包厢 】 ： 森日 快乐 ， 永远 十八岁 ， 妹子 永远 日 不 完,0
恭喜 小两口 喜结良缘 ， 祝福 白头偕老 ， 心想事成 ， 如胶似漆 ， 一生 幸福美满 。,9
黄总牛 逼 ！ ！ ！,5
抗局 ， 早日 结婚 ， 早日 找到 收拾 人 ！ 放心 我会 收拾,7
兄弟 一生,4
通化 隆孚 团队 大卖,5
祝艾尼森 美容美发 一路 长虹,5
祝 陈大哥 阿玲 ， 百年好合,9
老同学 王佳宇 越来越 漂亮,1
祝 老板 ， 身体健康 ， 生意兴隆 ， 财源滚滚 。 事业 事事 ， 打牌 场场 蠃 ！,2
祝嘉豪 公司 ， 亚浪 公司 ， 呈 美斯 集团 ， 吉龙 公司 ， 建彬 大哥 ， 陈胜 兄弟 ， 林强 兄弟 玩 开心 快乐,2
相遇 ， 相爱 不易 ， 行且 珍惜,3
祝愿 榴园 房产 天逸 房产 业绩 长虹 ， 团队 壮大 ， 友谊 永恒,5
大三 租 越来越 好 ， 越做越 牛 逼 ！,5
【 v08 包厢 】 ： 祝 领导 ， 做 大 做 强 ， 再创 辉煌,2
铁子 长长 久久,3
祝 鸽子 家帅 锅 光荣 中国人民解放军空军 ！ ( * ^ ^ * ),10
时光 不老 ， 不 散 ！ 感谢 年华 遇见 ， 多年 后 如今 。 友谊 长存 ！,1
很 迎来 新任 领导 ， 祝 营口 办 事业 处 长虹 ， 业绩 翻番 ， 荷包 满满 ， 未来 都 上 想要 日子,5
天门 ， 仙桃 ， 友谊 长存 ！,4
大 木桥 大 二组 ， 越做越 好 ， 越做越 牛 逼 ！,5
牛 万 鬼 老风龙 金华 乐 兄弟 开心 喝 开心,4
送给 慕尚 美业 所有人 ， 祝你们 身体健康 ！ 人 都 赚钱 ！ ！ ！ 太林哥 ！ ！ ！,5
祝周 总 家里 红旗 不倒 ， 外面 彩旗 飘飘 飘 ！,5
订婚 快乐,10
祝 男人 扶摇直上 顺风 顺水 永远 爱,3
遇见 最 美丽 事 ， 一路 陪伴 好 。 。 。 我爱你 。,3
邓军 我爱你 ， 生 小猴子,3
祝 中国 平安保险 公司 武清 部 吴光富 主任 组 ， 吴光美 老师 带领 下 ， 梁 兰兰 拜师 仪式 正式 。,2
祝 成功 上岸 ! 欧力,1
宝 想 呀呀 呀呀,3
乐哥求 劈 ， 弟兄 ， 一辈子 弟兄,4
祝 老婆 杨盼盼 ， 永远 年轻漂亮 ， 往后 余生 会 幸福 … …,6
【 209 包厢 】 ： 祝 ， 澄海 义乌 专线 邱总骚兄 生意兴隆 ！ 开心 快乐 ！ ！ ！ 盛辉 物流 贺 ！,2
牛 万 伦 鬼龙 金华 乐 老 黑 兄弟 玩 开心 喝 开心,4
刘总牛 逼,5
王帅 想 。,3
祝嘉豪 ， 吉龙 ， 呈 美斯 ， 亚浪 ， 瑞控 老板 ， 建彬 大哥 ， 陈胜 兄弟 ， 林强 兄弟 越来越 帅 开心 快乐,2
祝福 蒙城 巨星 生意 越来越 好 ， 祝福 王总 越来越 帅,5
祝福 冬哥 夜夜 新郎 夜夜 换 丈母娘,11
祝悦保 兄弟姐妹 ！ 做 快乐 ！ 达成 理想 目标 ！ ！ ！,5
祝宽 哥子 孝孙贤 代代 荣 ， 荣华富贵 年 年 ， 有钱有势 前程 ！ 祝 大哥 吃 不愁穿 不 愁 ， 不住 平方 住 高楼,8
女神 ， 好 好好 喜欢,3
祝梁超 兄弟 越来越 帅 b 克拉斯 。,4
祝钱 总 心想事成 ， 万事 顺心,5
厦工 机械 建水 交付 圆满成功 ！,10
厦工 机械 建水 交付 圆满成功 ！,10
祝 兄弟 情深似海 健健康康 平平安安 ， 健健康康 快快乐乐,4
【 V08 包厢 】 ： 祝福 ！ 政委 ！ 王鑫淼 ！ 百年好合 。,9
祝 业绩 达标 ， 事事如意 ， 奋斗 ， 兄弟 同心 ， 其利断金 ！ 祝福 ！,5
祝 事业 长虹 ， 业绩 翻番 ， 荷包 满满 ， 未来 都 上 想要 日子 ！,5
祝 单身 快乐 ， 唐擎,7
图图 爱红妹,3
【 03 包厢 】 ： 祝 老板 ， 生意 蒸蒸日上 ， 红红火火 ， 一帆风顺 ， 做 大 做 强 再创 辉煌 ！,5
教授 四平 地区 指导 全市 组织 ！,11
祝 兄弟 赵哥 小孔 弟田弟 生意兴隆,2
黎总 ： 健康 快乐 ！,5
祝 嫂子 越来越 年轻 ， 姐 ， 希望 天天 快乐,6
心语 .......... 祝福 新娘 快乐,9
心语 .......... 祝福 新娘 快乐,9
未来 遥远 成长 路上 相逢 永远 朋友 祝 两个 美女 开心 好,4
祝坤坤 箐 箐 7 周年 快乐 。 7 年 不痒 ， 9 年 永恒,10
家庭幸福 ， 万事如意,8
祝福 兄弟 四人 ， 虎 ， 盼 ， 勇 ， 策 前程似锦 ， 永远 长虹 !,5
叶子 谢谢 陪 10 几年 辛苦 希望 天天开心 宝贝 小 叶子,3
白田甜 ， 喜欢,3
亲爱 我爱你,3
【 302 包厢 】 ： 祝 老板 ， 身体健康 ， 生意兴隆 ， 财源滚滚 。 事业 事事 ， 打牌 场场 蠃 ！,2
吴总 ， 歌声 深深 迷住 ， 我要 生 猴子,3
王总王 总 最帅 最 牛 逼 最强,5
祝孙 总玩 开心玩 尽兴,5
媳妇 我爱你,3
祝福 小表妹 健康 快乐,6
丁雨峰 永远 爱黄 小妹,3
王总 全 天下 最帅 男人,5
祝 闺蜜 资产 亿,4
【 3222 包厢 】 ： 周总 ， 郝总 今晚 快乐,5
时光 不老 ， 不 散 ！ 感谢 年华 遇见 ， 多年 后 如今 。 友谊 长存 ！,1
祝 创泽 传媒 生意 蒸蒸日上 ， 红红火火 ， 一帆风顺 ， 做 大 做 强 再创 辉煌 ！,2
陈晨 大美女 ， 祝 ： 一夜 暴富 、 暴瘦 、 暴美 ！ 年 年 18 岁 ----------,0
友谊 久久,4
炮四 ， 炮仲 ！ 好 兄弟 ！ 愿 好好,4
祝莫 小妞 年 年 十八 暴富 爆美,0
淡淡的 友情 很 真 ， 淡淡 问候 很纯 ， 淡淡的 祝福 最真 ， 祝 兄弟 事业 蒸蒸日上 、 身体健康,2
歆 永远 开心 永远快乐 财源滚滚,11
亲爱 我爱你,3
小明 想,3
恭祝 艾米 大组 ^ _ ^ 恭祝 狼大组 ^ _ ^ 恭祝 JJ 大组 ^ _ ^ 全体同仁 干 完,10
张梦琰 ， 不想 处于 等待 之中 ， 想要 勇气 走来 。 只想 一生 跟你走 真的 爱上你,3
我爱你 朱,3
【 888 包厢 】 ： 祝 事业 长虹 ， 业绩 翻番 ， 荷包 满满 ， 未来 都 上 想要 日子 ！,5
我爱你 范存 锦,3
YOYO 一个 大哈比 ， 公司 里 最哈比,5
祝程 总魏 总 夜夜 新郎 ！ ！ ！ ！,5
祝包 总 鸡巴 越来越 粗 ， 越来越 长,5
昆山 代表团 ， 喝 好 好 。,2
祝 工作 蒸蒸日上,5
壳牌 加油站 世界 500 强 ， 祝 常德 蒸蒸日上,2
老婆 ， 我爱你,6
高羽菲 … … 人生 幸运,3
希望 往后 随愿,11
祝 领克 智能 红红火火 。 大火 温州 ， 大卖 温州,2
希望 闺蜜 资产 亿 ， 幸福美满 天天开心 …,4
最爱王 总和 陈总,5
分手 后 快乐,7
祝王 总 山东 睿 恩 蒸蒸日上 ， 财运亨通,2
祝 ； 亲爱 敬爱 总 ： 夜夜 笙歌 夜夜 新郎 夜夜 醉,5
想要 谈个 甜甜的 恋爱 ！ 单身 小 哥哥 ？,7
祝福 蔡 嫂嫂 永远 年轻 ， 漂亮 ， 青春永驻 ！ ！ ！,6
感谢 遇见,3
祝 业绩 达标 ， 事事如意 ， 奋斗 ， 兄弟 同心 ， 其利断金 ！ 祝福 ！,5
济南 李总 泰安 李总 梁山 酒神 降临 淄博,2
【 210 包厢 】 ： 川哥 新婚 快乐,9
周捷 ， ， ， 我爱你,3
磊哥 早日 脱单,7
祝 曹 总 事业 顺心 心,5
想,3
想,3
祝 东哥 分手 快乐 顺风 顺水 女人,7
一路 走来 ， 风雨同路 ， 愿 毕业 快乐 ， 友谊 长存 。,1
祝 业绩 达标 ， 事事如意 ， 奋斗 ， 兄弟 同心 ， 其利断金 ！ 祝福 ！,5
祝赖 文祥 舅舅 越来越 年轻 ， 越来越 帅 ！,6
祝藏 总王 总浪 总 财源 广进 ， 天天 好 心情 。,5
孔维娜 我爱你 风 走 千万里 从不 问 归期,3
祝 ： 广告行业 兄弟 一帆风顺 ！ 大吉大利 ， 百无禁忌 ！,5
祝 业绩 达标 ， 事事如意 ， 奋斗 ， 兄弟 同心 ， 其利断金 ！ 祝福 ！,5
祝黄 陈 青岛 东易 日盛 第四 项目部,5
【 A21 包厢 】 ： 祝 老板 ， 生意兴隆 ， 一本万利 ， 飞黄腾达 ， 好事 ， 财源滚滚 ！,2
祝王 主任 张 副 主任 ， 百年好合 ， 再 生贵子 ， 永远 开心 ， 永远快乐,9
恭喜 小两口 喜结良缘 ， 祝福 白头偕老 ， 心想事成 ， 如胶似漆 ， 一生 幸福美满 。,9
祝 陈景 新 新婚 快乐 ， 百年好合 ， 早生贵子,9
祝 叔 ， 婶 好好 ， 平平淡淡 一生 ， 一生 走,6
【 钻石 1 包厢 】 ： 美女 爱 哒,3
亲爱 兄弟姐妹 ， 珍惜 每次 时光 ， 祝你们 永远 开心 快乐,5
有没有 小姐姐 加个 微信 15994996413,11
| 温柔,3
| 温柔,3
祝 陈景 新 新婚 快乐 ， 百年好合 ， 早生贵子,9
祝斌哥 事业 一路 长虹 ， 蒸蒸日上 ， 开开心心 ， 没 忧愁 …,2
姜总牛 逼 克拉斯,5
【 K03 包厢 】 ： 我爱你 皮皮,3
龙哥 单身 快乐,7
祝 戴 总 生意兴隆,2
二 傻 爱 哒,3
媳妇 太 可爱,6
祝 老公 永远 开心,6
祝苏 喜祥 ， 冯双 新婚 快乐,9
祝胡 总 开心 快乐,5
王飞 中意,3
祝 ： 张大 保 生意 新隆 财源滚滚,2
祝愿 大哥 大嫂 和和美美 ， 白头偕老 ！,6
曼妮 宝宝 ， 好 爱 ， 好 爱好 爱 ， 希望 长长 久久 ， 尽我所能 ， 爱 ， 人间 无趣 ， 却 ， 不远万里 ， 往后 余生 ， 万般 皆 ！,3
祝福 尕 猫 海车 喜结连理 百年好合 早生贵子,9
祝福 尕 猫 海车 喜结连理 百年好合 早生贵子,9
新年快乐,10
再见 卑微 爱情 老子 再也 不当 舔 狗,7
良总祝 身体健康,5
良总祝 身体健康,5
恭喜 小两口 喜结良缘 ， 祝福 白头偕老 ， 心想事成 ， 如胶似漆 ， 一生 幸福美满 。,9
祝达 娃卓玛 小姐姐 永远 开心 快乐 ， 天天 有人 爱 ， 天天 有钱 花,11
心爱 老公 先巴 ： 事业有成 ， 万事 顺心 ， 数钱数 到手 抽筋 我爱你,6
祝 喜 贵子 ， 祝 资产 亿 ， 祝 夫妻感情 幸福美满,6
何超 ， 祝 早日 走出 失恋 痛苦 ， 祝 生意兴隆,7
永远 爱着 曦 狗子 熙狗儿 哒,3
何超 兄弟 ， 祝 早日 走出 失恋 世界 。,7
感情 想得 完美 ， 完美 卑微 结束 。 每次 喝醉 哭 才 晓得 人间 不 值得 。,7
超别 陪 单身 唱个 单身 滴歌 下 一首,7
今日 过后 便是 重生 ， 祝 失恋 三 兄弟 获 重生,7
失恋 算个 ？ 轻轻 ， 走 ， 千万别 后悔 ， 挥手 ， 会 发现 ， 等不及 意中人,7
感情 想 美好 ， 至今 完美 卑微 结束 。 喝醉 才能 倾诉 衷肠 ， 哭 才能 感觉 都 好 。,7
祝梁 总 陆 总 第一天 。 玩得 开心 点 再次 祝 梁 总 生意 红红火火,2
一花 世界 ， 一叶 追寻 ， 一曲 一场 叹 ， 一生 一人 。 三生 烟火 ， 换 一世 迷离 。,3
骑 白马 未必 王子 ， 唐僧 。 带 翅膀 未必 天使 ， 鸟 人 。 失恋 未必 痛苦,7
【 223 包厢 】 ： 刘 loveyou,3
【 223 包厢 】 ： 刘 Loveyou .,3
【 12 包厢 】 ： 祝 老板 ， 生意兴隆 ， 一本万利 ， 飞黄腾达 ， 好事 ， 财源滚滚 ！,2
友谊 长存 姊妹,4
大雾 四起 ， 无人 处爱,3
祝 英德 兄弟姐妹 ， 身体健康 ， 天天开心,5
"【 包厢 】 ： 记住 记住 , 忘记 忘记 , 改变 改变 , 接受 改变 . 祝 日子 过得 潇洒 ， 自由 ， 快乐 ， 开心 。",11
祝林 焓 镔 考上 莆田 学院 ！,10
祝林 焓 镔 考上 莆田 学院 ！,10
祝贺 梁大燕 喜提 女司机 证 。,10
祝 开开心心 雁南飞 共建 连理 ！,9
亲爱 ， 王红芝 ， 我愿用 这辈子 去 爱,3
感谢 马 总 带给 天 再 借 五百年,5
同事 团建,5
祝罗少 金榜提名 没 毛病,10
祝 刘 张建 金榜题名,10
祝 天天开心 ， 快快乐乐 ， 万事如意 ， 大顺 大 财大 吉祥 ， 爱,11
祝 杨 老师 ， 昆仑 子校 765 同学 ， 身体健康 ， 万事如意 。,1
祝 杨 老师 ， 昆仑 子校 765 同学 ， 身体健康 ， 万事如意 。,1
祝一林 嫁给 爱情 ！ 收获 永恒 ！ 一生 幸福 ！,9
HappybirthdaytoTinamayallwishessoon,0
祝 事业 长虹 ， 业绩 翻番 ， 荷包 满满 ， 未来 都 上 想要 日子 ！,5
祝 天天开心 快快乐乐 开心 快乐,11
祝林 焓 镔 考上 莆田 学院 ！ ！,10
爱 生活 爱 廖雅莹,3
爱 。 刘二蛋子,3
【 107 包厢 】 ： 爱 木子李,3
祝 美赞臣 姐妹 ， 合家幸福 ， 生意 节节 高 ， 相亲相爱 一家人 ！,5
【 C10 包厢 】 ： 爱 莫金凤,3
单身 狗 。,7
祝 小两口 ， 新婚 快乐 ， 百年好合 ， 早生贵子 ！ 幸福 ， 幸福 ！ 嫩 都 可会 ...,9
多想 抱抱,3
祝桑狗 科目 成功 ！ ！ ！,10
祝 286 兄弟 一路 长虹,5
恭喜 凌雨琪 考上 湖南 工业 大学,10
【 C10 包厢 】 ： 喜欢 莫金凤,3
贵哥 shab,11
小伍 傻 逼,11
王涵 会 爱杰个,3
王涵 会 爱杰哥,3
肥仔祝 老 革命 老如松柏 ， 万事如意 ， 生活美满 。,8
小 李吃 几把,11
孙杰会 爱涵 宝,3
一份 努力 ， 一份 收获 ， 毕业 快乐 ， 前程似锦 。,1
【 221 包厢 】 ： 祝胡 总 天天开心 美丽 漂亮,5
宏伟 幸福,11
祝福 白头偕老 ， 心想事成 ， 如胶似漆 ， 一生 幸福美满 。,10
祝 ： 殷西敏 女士 天天 貌美如花 ！,11
毕业 快乐 ， 祝 未来 安好 ！,1
老婆 爱 哒,6
今日 ， 更好 相遇 ， 毕业 快乐 ， 前程似锦 。,1
